group,story,width,theme,overflow,rules
Blocks/EmptyState,No Tasks,1200,light,False,
Blocks/EmptyState,No Tasks,1200,dark,False,
Blocks/EmptyState,No Tasks,390,light,False,
Blocks/EmptyState,No Tasks,390,dark,False,
Blocks/EmptyState,No Results,1200,light,False,
Blocks/EmptyState,No Results,1200,dark,False,
Blocks/EmptyState,No Results,390,light,False,
Blocks/EmptyState,No Results,390,dark,False,
Blocks/EmptyState,Upload Photos,1200,light,False,
Blocks/EmptyState,Upload Photos,1200,dark,False,
Blocks/EmptyState,Upload Photos,390,light,False,
Blocks/EmptyState,Upload Photos,390,dark,False,
Blocks/Header,With Announcement,1200,light,False,
Blocks/Header,With Announcement,1200,dark,False,
Blocks/Header,With Announcement,390,light,False,
Blocks/Header,With Announcement,390,dark,False,
Blocks/Header,Standard,1200,light,False,color-contrast
Blocks/Header,Standard,1200,dark,False,
Blocks/Header,Standard,390,light,False,
Blocks/Header,Standard,390,dark,False,
Blocks/Header,Pill Nav,1200,light,False,
Blocks/Header,Pill Nav,1200,dark,False,
Blocks/Header,Pill Nav,390,light,False,
Blocks/Header,Pill Nav,390,dark,False,
Blocks/Header,Dark Pill Nav,1200,light,False,
Blocks/Header,Dark Pill Nav,1200,dark,False,color-contrast
Blocks/Header,Dark Pill Nav,390,light,False,
Blocks/Header,Dark Pill Nav,390,dark,False,color-contrast
Blocks/Header,Rounded Buttons,1200,light,False,color-contrast
Blocks/Header,Rounded Buttons,1200,dark,False,color-contrast
Blocks/Header,Rounded Buttons,390,light,False,
Blocks/Header,Rounded Buttons,390,dark,False,
Blocks/Header,With Language,1200,light,False,color-contrast
Blocks/Header,With Language,1200,dark,False,
Blocks/Header,With Language,390,light,False,
Blocks/Header,With Language,390,dark,False,
Blocks/Header,Centered Logo,1200,light,False,color-contrast
Blocks/Header,Centered Logo,1200,dark,False,
Blocks/Header,Centered Logo,390,light,False,
Blocks/Header,Centered Logo,390,dark,False,
Blocks/Header,Dark Background,1200,light,False,
Blocks/Header,Dark Background,1200,dark,False,color-contrast
Blocks/Header,Dark Background,390,light,False,
Blocks/Header,Dark Background,390,dark,False,color-contrast
Blocks/Header,With Search,1200,light,False,color-contrast
Blocks/Header,With Search,1200,dark,False,
Blocks/Header,With Search,390,light,False,
Blocks/Header,With Search,390,dark,False,
Blocks/Header,With Switcher,1200,light,False,color-contrast
Blocks/Header,With Switcher,1200,dark,False,color-contrast
Blocks/Header,With Switcher,390,light,False,
Blocks/Header,With Switcher,390,dark,False,
Blocks/Header,Double Row,1200,light,False,color-contrast
Blocks/Header,Double Row,1200,dark,False,color-contrast
Blocks/Header,Double Row,390,light,False,
Blocks/Header,Double Row,390,dark,False,
Blocks/Login,Standard,1200,light,False,
Blocks/Login,Standard,1200,dark,False,
Blocks/Login,Standard,390,light,False,
Blocks/Login,Standard,390,dark,False,
Blocks/Login,Card,1200,light,False,
Blocks/Login,Card,1200,dark,False,
Blocks/Login,Card,390,light,False,
Blocks/Login,Card,390,dark,False,
Blocks/Login,Work Email,1200,light,False,
Blocks/Login,Work Email,1200,dark,False,color-contrast
Blocks/Login,Work Email,390,light,False,
Blocks/Login,Work Email,390,dark,False,color-contrast
Blocks/Notifications,Default,1200,light,False,color-contrast
Blocks/Notifications,Default,1200,dark,False,
Blocks/Notifications,Default,390,light,True,color-contrast
Blocks/Notifications,Default,390,dark,True,
Blocks/QuickSend,Default,1200,light,False,color-contrast
Blocks/QuickSend,Default,1200,dark,False,
Blocks/QuickSend,Default,390,light,True,color-contrast
Blocks/QuickSend,Default,390,dark,True,
Blocks/RecentTransactions,Default,1200,light,False,color-contrast
Blocks/RecentTransactions,Default,1200,dark,False,
Blocks/RecentTransactions,Default,390,light,False,color-contrast
Blocks/RecentTransactions,Default,390,dark,False,
Blocks/SearchableTable,With Search,1200,light,False,
Blocks/SearchableTable,With Search,1200,dark,False,
Blocks/SearchableTable,With Search,390,light,False,
Blocks/SearchableTable,With Search,390,dark,False,
Blocks/SearchableTable,With Title,1200,light,False,
Blocks/SearchableTable,With Title,1200,dark,False,
Blocks/SearchableTable,With Title,390,light,False,
Blocks/SearchableTable,With Title,390,dark,False,
Blocks/Table,Default,1200,light,False,
Blocks/Table,Default,1200,dark,False,
Blocks/Table,Default,390,light,False,
Blocks/Table,Default,390,dark,False,
Quality/Accessibility contracts,Login,1200,light,False,
Quality/Accessibility contracts,Login,1200,dark,False,
Quality/Accessibility contracts,Login,390,light,False,
Quality/Accessibility contracts,Login,390,dark,False,
Quality/Accessibility contracts,Table,1200,light,False,
Quality/Accessibility contracts,Table,1200,dark,False,
Quality/Accessibility contracts,Table,390,light,False,
Quality/Accessibility contracts,Table,390,dark,False,
Quality/Accessibility contracts,Progress,1200,light,False,
Quality/Accessibility contracts,Progress,1200,dark,False,
Quality/Accessibility contracts,Progress,390,light,False,
Quality/Accessibility contracts,Progress,390,dark,False,
Quality/Accessibility contracts,Contrast,1200,light,False,
Quality/Accessibility contracts,Contrast,1200,dark,False,
Quality/Accessibility contracts,Contrast,390,light,False,
Quality/Accessibility contracts,Contrast,390,dark,False,
Quality/Accessibility contracts,Chart,1200,light,False,
Quality/Accessibility contracts,Chart,1200,dark,False,
Quality/Accessibility contracts,Chart,390,light,True,
Quality/Accessibility contracts,Chart,390,dark,True,
Quality/Interaction contracts,Slider Keyboard,1200,light,False,
Quality/Interaction contracts,Slider Keyboard,1200,dark,False,
Quality/Interaction contracts,Slider Keyboard,390,light,False,
Quality/Interaction contracts,Slider Keyboard,390,dark,False,
Quality/Interaction contracts,Range Keyboard,1200,light,False,
Quality/Interaction contracts,Range Keyboard,1200,dark,False,
Quality/Interaction contracts,Range Keyboard,390,light,False,
Quality/Interaction contracts,Range Keyboard,390,dark,False,
Quality/Interaction contracts,Range With Step,1200,light,False,
Quality/Interaction contracts,Range With Step,1200,dark,False,
Quality/Interaction contracts,Range With Step,390,light,False,
Quality/Interaction contracts,Range With Step,390,dark,False,
Quality/Interaction contracts,Keyboard Sorting,1200,light,False,
Quality/Interaction contracts,Keyboard Sorting,1200,dark,False,
Quality/Interaction contracts,Keyboard Sorting,390,light,False,
Quality/Interaction contracts,Keyboard Sorting,390,dark,False,
Quality/Interaction contracts,Default Tabs,1200,light,False,
Quality/Interaction contracts,Default Tabs,1200,dark,False,
Quality/Interaction contracts,Default Tabs,390,light,False,
Quality/Interaction contracts,Default Tabs,390,dark,False,
Quality/Interaction contracts,Calendar Keyboard,1200,light,False,
Quality/Interaction contracts,Calendar Keyboard,1200,dark,False,
Quality/Interaction contracts,Calendar Keyboard,390,light,False,
Quality/Interaction contracts,Calendar Keyboard,390,dark,False,
Quality/Interaction contracts,Controlled Range Reset,1200,light,False,
Quality/Interaction contracts,Controlled Range Reset,1200,dark,False,
Quality/Interaction contracts,Controlled Range Reset,390,light,False,
Quality/Interaction contracts,Controlled Range Reset,390,dark,False,
Quality/Interaction contracts,Tooltip Trigger,1200,light,False,
Quality/Interaction contracts,Tooltip Trigger,1200,dark,False,
Quality/Interaction contracts,Tooltip Trigger,390,light,False,
Quality/Interaction contracts,Tooltip Trigger,390,dark,False,
Quality/Interaction contracts,Tooltip Actions,1200,light,False,
Quality/Interaction contracts,Tooltip Actions,1200,dark,False,
Quality/Interaction contracts,Tooltip Actions,390,light,False,
Quality/Interaction contracts,Tooltip Actions,390,dark,False,
Quality/Interaction contracts,Upload Selection,1200,light,False,
Quality/Interaction contracts,Upload Selection,1200,dark,False,
Quality/Interaction contracts,Upload Selection,390,light,False,
Quality/Interaction contracts,Upload Selection,390,dark,False,
Quality/Interaction contracts,Select Tab Dismissal,1200,light,False,
Quality/Interaction contracts,Select Tab Dismissal,1200,dark,False,
Quality/Interaction contracts,Select Tab Dismissal,390,light,False,
Quality/Interaction contracts,Select Tab Dismissal,390,dark,False,
Quality/Interaction contracts,Theme And Narrow Layouts,1200,light,False,
Quality/Interaction contracts,Theme And Narrow Layouts,1200,dark,False,
Quality/Interaction contracts,Theme And Narrow Layouts,390,light,False,
Quality/Interaction contracts,Theme And Narrow Layouts,390,dark,False,
Quality/Interaction contracts,Buttons Do Not Submit Forms,1200,light,False,
Quality/Interaction contracts,Buttons Do Not Submit Forms,1200,dark,False,
Quality/Interaction contracts,Buttons Do Not Submit Forms,390,light,False,
Quality/Interaction contracts,Buttons Do Not Submit Forms,390,dark,False,
Quality/Interaction contracts,Collapsed Accordion Is Not Focusable,1200,light,False,
Quality/Interaction contracts,Collapsed Accordion Is Not Focusable,1200,dark,False,
Quality/Interaction contracts,Collapsed Accordion Is Not Focusable,390,light,False,
Quality/Interaction contracts,Collapsed Accordion Is Not Focusable,390,dark,False,
Quality/Interaction contracts,Progress Exposes Its Label,1200,light,False,
Quality/Interaction contracts,Progress Exposes Its Label,1200,dark,False,
Quality/Interaction contracts,Progress Exposes Its Label,390,light,False,
Quality/Interaction contracts,Progress Exposes Its Label,390,dark,False,
Quality/Interaction contracts,Sort Reorders Rows,1200,light,False,
Quality/Interaction contracts,Sort Reorders Rows,1200,dark,False,
Quality/Interaction contracts,Sort Reorders Rows,390,light,False,
Quality/Interaction contracts,Sort Reorders Rows,390,dark,False,
Quality/Interaction contracts,Reveal Control Is Reachable,1200,light,False,
Quality/Interaction contracts,Reveal Control Is Reachable,1200,dark,False,
Quality/Interaction contracts,Reveal Control Is Reachable,390,light,False,
Quality/Interaction contracts,Reveal Control Is Reachable,390,dark,False,
Quality/Interaction contracts,Narrow Layouts Do Not Clip Or Overflow,1200,light,False,
Quality/Interaction contracts,Narrow Layouts Do Not Clip Or Overflow,1200,dark,False,
Quality/Interaction contracts,Narrow Layouts Do Not Clip Or Overflow,390,light,False,
Quality/Interaction contracts,Narrow Layouts Do Not Clip Or Overflow,390,dark,False,
Quality/Interaction contracts,Typing In Popover Keeps Focus,1200,light,False,
Quality/Interaction contracts,Typing In Popover Keeps Focus,1200,dark,False,
Quality/Interaction contracts,Typing In Popover Keeps Focus,390,light,False,
Quality/Interaction contracts,Typing In Popover Keeps Focus,390,dark,False,
Quality/Interaction contracts,Nested Field Errors Surface,1200,light,False,
Quality/Interaction contracts,Nested Field Errors Surface,1200,dark,False,
Quality/Interaction contracts,Nested Field Errors Surface,390,light,False,
Quality/Interaction contracts,Nested Field Errors Surface,390,dark,False,
Components/Accordion,Default,1200,light,False,
Components/Accordion,Default,1200,dark,False,
Components/Accordion,Default,390,light,True,
Components/Accordion,Default,390,dark,True,
Components/Accordion,Nested,1200,light,False,
Components/Accordion,Nested,1200,dark,False,
Components/Accordion,Nested,390,light,True,
Components/Accordion,Nested,390,dark,True,
Components/Accordion,With Icons,1200,light,False,
Components/Accordion,With Icons,1200,dark,False,
Components/Accordion,With Icons,390,light,True,
Components/Accordion,With Icons,390,dark,True,
Components/Accordion,With Numbers,1200,light,False,
Components/Accordion,With Numbers,1200,dark,False,
Components/Accordion,With Numbers,390,light,True,
Components/Accordion,With Numbers,390,dark,True,
Components/Accordion,With Logo,1200,light,False,
Components/Accordion,With Logo,1200,dark,False,
Components/Accordion,With Logo,390,light,True,
Components/Accordion,With Logo,390,dark,True,
Components/Accordion,With Badge,1200,light,False,
Components/Accordion,With Badge,1200,dark,False,
Components/Accordion,With Badge,390,light,True,
Components/Accordion,With Badge,390,dark,True,
Components/Accordion,Multiple,1200,light,False,
Components/Accordion,Multiple,1200,dark,False,
Components/Accordion,Multiple,390,light,True,
Components/Accordion,Multiple,390,dark,True,
Components/Accordion,Nested With Icons,1200,light,False,
Components/Accordion,Nested With Icons,1200,dark,False,
Components/Accordion,Nested With Icons,390,light,True,
Components/Accordion,Nested With Icons,390,dark,True,
Elements/ActivityFeed,Single Item,1200,light,False,color-contrast
Elements/ActivityFeed,Single Item,1200,dark,False,
Elements/ActivityFeed,Single Item,390,light,True,color-contrast
Elements/ActivityFeed,Single Item,390,dark,True,
Elements/ActivityFeed,With File Content,1200,light,False,color-contrast
Elements/ActivityFeed,With File Content,1200,dark,False,
Elements/ActivityFeed,With File Content,390,light,True,color-contrast
Elements/ActivityFeed,With File Content,390,dark,True,
Elements/ActivityFeed,With Comment Content,1200,light,False,color-contrast
Elements/ActivityFeed,With Comment Content,1200,dark,False,
Elements/ActivityFeed,With Comment Content,390,light,True,color-contrast
Elements/ActivityFeed,With Comment Content,390,dark,True,
Elements/ActivityFeed,With CTA Content,1200,light,False,color-contrast
Elements/ActivityFeed,With CTA Content,1200,dark,False,
Elements/ActivityFeed,With CTA Content,390,light,True,color-contrast
Elements/ActivityFeed,With CTA Content,390,dark,True,
Elements/ActivityFeed,Unread State,1200,light,False,color-contrast
Elements/ActivityFeed,Unread State,1200,dark,False,
Elements/ActivityFeed,Unread State,390,light,True,color-contrast
Elements/ActivityFeed,Unread State,390,dark,True,
Elements/ActivityFeed,With Badge,1200,light,False,color-contrast
Elements/ActivityFeed,With Badge,1200,dark,False,
Elements/ActivityFeed,With Badge,390,light,True,color-contrast
Elements/ActivityFeed,With Badge,390,dark,True,
Elements/ActivityFeed,Timeline,1200,light,False,color-contrast
Elements/ActivityFeed,Timeline,1200,dark,False,
Elements/ActivityFeed,Timeline,390,light,True,color-contrast
Elements/ActivityFeed,Timeline,390,dark,True,
Elements/ActivityFeed,Content Styles,1200,light,False,color-contrast
Elements/ActivityFeed,Content Styles,1200,dark,False,
Elements/ActivityFeed,Content Styles,390,light,True,color-contrast
Elements/ActivityFeed,Content Styles,390,dark,True,
Components/Alert,Toast Information,1200,light,False,
Components/Alert,Toast Information,1200,dark,False,
Components/Alert,Toast Information,390,light,False,
Components/Alert,Toast Information,390,dark,False,
Components/Alert,All Toasts,1200,light,False,
Components/Alert,All Toasts,1200,dark,False,
Components/Alert,All Toasts,390,light,False,
Components/Alert,All Toasts,390,dark,False,
Components/Alert,All Banners,1200,light,False,
Components/Alert,All Banners,1200,dark,False,color-contrast
Components/Alert,All Banners,390,light,True,
Components/Alert,All Banners,390,dark,True,color-contrast
Components/Avatar,Default,1200,light,False,
Components/Avatar,Default,1200,dark,False,
Components/Avatar,Default,390,light,False,
Components/Avatar,Default,390,dark,False,
Components/Avatar,Image Sizes,1200,light,False,
Components/Avatar,Image Sizes,1200,dark,False,
Components/Avatar,Image Sizes,390,light,False,
Components/Avatar,Image Sizes,390,dark,False,
Components/Avatar,Icon Sizes,1200,light,False,
Components/Avatar,Icon Sizes,1200,dark,False,
Components/Avatar,Icon Sizes,390,light,False,
Components/Avatar,Icon Sizes,390,dark,False,
Components/Avatar,Initials Sizes,1200,light,False,
Components/Avatar,Initials Sizes,1200,dark,False,
Components/Avatar,Initials Sizes,390,light,False,
Components/Avatar,Initials Sizes,390,dark,False,
Components/Avatar,Status Indicators,1200,light,False,
Components/Avatar,Status Indicators,1200,dark,False,
Components/Avatar,Status Indicators,390,light,False,
Components/Avatar,Status Indicators,390,dark,False,
Components/Avatar,Custom Icon,1200,light,False,
Components/Avatar,Custom Icon,1200,dark,False,
Components/Avatar,Custom Icon,390,light,False,
Components/Avatar,Custom Icon,390,dark,False,
Components/Avatar,Group,1200,light,False,
Components/Avatar,Group,1200,dark,False,
Components/Avatar,Group,390,light,False,
Components/Avatar,Group,390,dark,False,
Components/Banner,Default,1200,light,False,
Components/Banner,Default,1200,dark,False,
Components/Banner,Default,390,light,False,
Components/Banner,Default,390,dark,False,
Components/Banner,Bold,1200,light,False,
Components/Banner,Bold,1200,dark,False,
Components/Banner,Bold,390,light,False,
Components/Banner,Bold,390,dark,False,
Components/Banner,Small,1200,light,False,
Components/Banner,Small,1200,dark,False,
Components/Banner,Small,390,light,False,
Components/Banner,Small,390,dark,False,
Components/Banner,All Subtle,1200,light,False,
Components/Banner,All Subtle,1200,dark,False,
Components/Banner,All Subtle,390,light,False,
Components/Banner,All Subtle,390,dark,False,
Components/Banner,All Bold,1200,light,False,
Components/Banner,All Bold,1200,dark,False,
Components/Banner,All Bold,390,light,False,
Components/Banner,All Bold,390,dark,False,
Components/Banner,Small Variants,1200,light,False,
Components/Banner,Small Variants,1200,dark,False,
Components/Banner,Small Variants,390,light,False,
Components/Banner,Small Variants,390,dark,False,
Components/Banner,No Dismiss,1200,light,False,
Components/Banner,No Dismiss,1200,dark,False,
Components/Banner,No Dismiss,390,light,False,
Components/Banner,No Dismiss,390,dark,False,
Components/Breadcrumb,Default,1200,light,False,color-contrast
Components/Breadcrumb,Default,1200,dark,False,
Components/Breadcrumb,Default,390,light,False,color-contrast
Components/Breadcrumb,Default,390,dark,False,
Components/Breadcrumb,With Icons,1200,light,False,color-contrast
Components/Breadcrumb,With Icons,1200,dark,False,
Components/Breadcrumb,With Icons,390,light,True,color-contrast
Components/Breadcrumb,With Icons,390,dark,True,
Components/Breadcrumb,With Borders,1200,light,False,color-contrast
Components/Breadcrumb,With Borders,1200,dark,False,
Components/Breadcrumb,With Borders,390,light,True,color-contrast
Components/Breadcrumb,With Borders,390,dark,True,
Components/Breadcrumb,Double Chevron,1200,light,False,color-contrast
Components/Breadcrumb,Double Chevron,1200,dark,False,
Components/Breadcrumb,Double Chevron,390,light,True,color-contrast
Components/Breadcrumb,Double Chevron,390,dark,True,
Components/Breadcrumb,Slash,1200,light,False,color-contrast
Components/Breadcrumb,Slash,1200,dark,False,
Components/Breadcrumb,Slash,390,light,True,color-contrast
Components/Breadcrumb,Slash,390,dark,True,
Components/Breadcrumb,With Truncation,1200,light,False,color-contrast
Components/Breadcrumb,With Truncation,1200,dark,False,
Components/Breadcrumb,With Truncation,390,light,False,color-contrast
Components/Breadcrumb,With Truncation,390,dark,False,
Components/Breadcrumb,With Disabled,1200,light,False,color-contrast
Components/Breadcrumb,With Disabled,1200,dark,False,color-contrast
Components/Breadcrumb,With Disabled,390,light,False,color-contrast
Components/Breadcrumb,With Disabled,390,dark,False,color-contrast
Components/Breadcrumb,All Separators,1200,light,False,"color-contrast,landmark-unique"
Components/Breadcrumb,All Separators,1200,dark,False,landmark-unique
Components/Breadcrumb,All Separators,390,light,True,"color-contrast,landmark-unique"
Components/Breadcrumb,All Separators,390,dark,True,landmark-unique
Components/Badge,Default,1200,light,False,
Components/Badge,Default,1200,dark,False,
Components/Badge,Default,390,light,False,
Components/Badge,Default,390,dark,False,
Components/Badge,Filled Colors,1200,light,False,color-contrast
Components/Badge,Filled Colors,1200,dark,False,color-contrast
Components/Badge,Filled Colors,390,light,False,color-contrast
Components/Badge,Filled Colors,390,dark,False,color-contrast
Components/Badge,Accent Colors,1200,light,False,color-contrast
Components/Badge,Accent Colors,1200,dark,False,
Components/Badge,Accent Colors,390,light,False,color-contrast
Components/Badge,Accent Colors,390,dark,False,
Components/Badge,Outline Colors,1200,light,False,color-contrast
Components/Badge,Outline Colors,1200,dark,False,
Components/Badge,Outline Colors,390,light,False,color-contrast
Components/Badge,Outline Colors,390,dark,False,
Components/Badge,Sizes,1200,light,False,
Components/Badge,Sizes,1200,dark,False,
Components/Badge,Sizes,390,light,False,
Components/Badge,Sizes,390,dark,False,
Components/Badge,With Icons,1200,light,False,
Components/Badge,With Icons,1200,dark,False,
Components/Badge,With Icons,390,light,False,
Components/Badge,With Icons,390,dark,False,
Components/Button,Primary,1200,light,False,
Components/Button,Primary,1200,dark,False,
Components/Button,Primary,390,light,False,
Components/Button,Primary,390,dark,False,
Components/Button,Secondary,1200,light,False,
Components/Button,Secondary,1200,dark,False,
Components/Button,Secondary,390,light,False,
Components/Button,Secondary,390,dark,False,
Components/Button,Grey,1200,light,False,
Components/Button,Grey,1200,dark,False,
Components/Button,Grey,390,light,False,
Components/Button,Grey,390,dark,False,
Components/Button,Grey Outlined,1200,light,False,
Components/Button,Grey Outlined,1200,dark,False,
Components/Button,Grey Outlined,390,light,False,
Components/Button,Grey Outlined,390,dark,False,
Components/Button,Destructive,1200,light,False,
Components/Button,Destructive,1200,dark,False,
Components/Button,Destructive,390,light,False,
Components/Button,Destructive,390,dark,False,
Components/Button,Destructive Outlined,1200,light,False,
Components/Button,Destructive Outlined,1200,dark,False,
Components/Button,Destructive Outlined,390,light,False,
Components/Button,Destructive Outlined,390,dark,False,
Components/Button,Text,1200,light,False,
Components/Button,Text,1200,dark,False,
Components/Button,Text,390,light,False,
Components/Button,Text,390,dark,False,
Components/Button,Large,1200,light,False,
Components/Button,Large,1200,dark,False,
Components/Button,Large,390,light,False,
Components/Button,Large,390,dark,False,
Components/Button,With Leading Icon,1200,light,False,
Components/Button,With Leading Icon,1200,dark,False,
Components/Button,With Leading Icon,390,light,False,
Components/Button,With Leading Icon,390,dark,False,
Components/Button,With Trailing Icon,1200,light,False,
Components/Button,With Trailing Icon,1200,dark,False,
Components/Button,With Trailing Icon,390,light,False,
Components/Button,With Trailing Icon,390,dark,False,
Components/Button,Icon Only,1200,light,False,
Components/Button,Icon Only,1200,dark,False,
Components/Button,Icon Only,390,light,False,
Components/Button,Icon Only,390,dark,False,
Components/Button,Disabled,1200,light,False,
Components/Button,Disabled,1200,dark,False,
Components/Button,Disabled,390,light,False,
Components/Button,Disabled,390,dark,False,
Components/Button,All Variants,1200,light,False,
Components/Button,All Variants,1200,dark,False,
Components/Button,All Variants,390,light,False,
Components/Button,All Variants,390,dark,False,
Components/Button,Readable Action Colors,1200,light,False,
Components/Button,Readable Action Colors,1200,dark,False,
Components/Button,Readable Action Colors,390,light,False,
Components/Button,Readable Action Colors,390,dark,False,
Components/Card,Default,1200,light,False,
Components/Card,Default,1200,dark,False,
Components/Card,Default,390,light,False,
Components/Card,Default,390,dark,False,
Components/Card,Variants,1200,light,False,
Components/Card,Variants,1200,dark,False,
Components/Card,Variants,390,light,False,
Components/Card,Variants,390,dark,False,
Components/Card,Sizes,1200,light,False,
Components/Card,Sizes,1200,dark,False,
Components/Card,Sizes,390,light,False,
Components/Card,Sizes,390,dark,False,
Components/Card,With Image,1200,light,False,
Components/Card,With Image,1200,dark,False,
Components/Card,With Image,390,light,False,
Components/Card,With Image,390,dark,False,
Components/Card,Image Positions,1200,light,False,
Components/Card,Image Positions,1200,dark,False,
Components/Card,Image Positions,390,light,False,
Components/Card,Image Positions,390,dark,False,
Components/Card,Header With Actions,1200,light,False,"button-name,color-contrast"
Components/Card,Header With Actions,1200,dark,False,"button-name,color-contrast"
Components/Card,Header With Actions,390,light,False,"button-name,color-contrast"
Components/Card,Header With Actions,390,dark,False,"button-name,color-contrast"
Components/Card,Footer Alignments,1200,light,False,
Components/Card,Footer Alignments,1200,dark,False,
Components/Card,Footer Alignments,390,light,False,
Components/Card,Footer Alignments,390,dark,False,
Components/Card,Hoverable,1200,light,False,
Components/Card,Hoverable,1200,dark,False,
Components/Card,Hoverable,390,light,False,
Components/Card,Hoverable,390,dark,False,
Components/Card,Product Card,1200,light,False,color-contrast
Components/Card,Product Card,1200,dark,False,
Components/Card,Product Card,390,light,False,color-contrast
Components/Card,Product Card,390,dark,False,
Components/Card,User Profile Card,1200,light,False,button-name
Components/Card,User Profile Card,1200,dark,False,button-name
Components/Card,User Profile Card,390,light,False,button-name
Components/Card,User Profile Card,390,dark,False,button-name
Components/Card,Article Card,1200,light,False,
Components/Card,Article Card,1200,dark,False,
Components/Card,Article Card,390,light,False,
Components/Card,Article Card,390,dark,False,
Components/Card,Nested Cards,1200,light,False,
Components/Card,Nested Cards,1200,dark,False,
Components/Card,Nested Cards,390,light,False,
Components/Card,Nested Cards,390,dark,False,
Components/ButtonGroup,Default,1200,light,False,
Components/ButtonGroup,Default,1200,dark,False,
Components/ButtonGroup,Default,390,light,False,
Components/ButtonGroup,Default,390,dark,False,
Components/ButtonGroup,With Icons,1200,light,False,
Components/ButtonGroup,With Icons,1200,dark,False,
Components/ButtonGroup,With Icons,390,light,False,
Components/ButtonGroup,With Icons,390,dark,False,
Components/ButtonGroup,With Active Item,1200,light,False,
Components/ButtonGroup,With Active Item,1200,dark,False,
Components/ButtonGroup,With Active Item,390,light,False,
Components/ButtonGroup,With Active Item,390,dark,False,
Components/ButtonGroup,With Disabled Items,1200,light,False,
Components/ButtonGroup,With Disabled Items,1200,dark,False,
Components/ButtonGroup,With Disabled Items,390,light,False,
Components/ButtonGroup,With Disabled Items,390,dark,False,
Components/ButtonGroup,Four Items,1200,light,False,
Components/ButtonGroup,Four Items,1200,dark,False,
Components/ButtonGroup,Four Items,390,light,False,
Components/ButtonGroup,Four Items,390,dark,False,
Components/Chart,Line Chart,1200,light,False,
Components/Chart,Line Chart,1200,dark,False,
Components/Chart,Line Chart,390,light,False,
Components/Chart,Line Chart,390,dark,False,
Components/Chart,Bar Chart,1200,light,False,
Components/Chart,Bar Chart,1200,dark,False,
Components/Chart,Bar Chart,390,light,False,
Components/Chart,Bar Chart,390,dark,False,
Components/Chart,Pie Chart,1200,light,False,
Components/Chart,Pie Chart,1200,dark,False,
Components/Chart,Pie Chart,390,light,False,
Components/Chart,Pie Chart,390,dark,False,
Components/Chart,Doughnut Chart,1200,light,False,
Components/Chart,Doughnut Chart,1200,dark,False,
Components/Chart,Doughnut Chart,390,light,False,
Components/Chart,Doughnut Chart,390,dark,False,
Components/Chart,Radar Chart,1200,light,False,
Components/Chart,Radar Chart,1200,dark,False,
Components/Chart,Radar Chart,390,light,False,
Components/Chart,Radar Chart,390,dark,False,
Components/Chart,Scatter Chart,1200,light,False,
Components/Chart,Scatter Chart,1200,dark,False,
Components/Chart,Scatter Chart,390,light,False,
Components/Chart,Scatter Chart,390,dark,False,
Components/Chart,Polar Area Chart,1200,light,False,
Components/Chart,Polar Area Chart,1200,dark,False,
Components/Chart,Polar Area Chart,390,light,False,
Components/Chart,Polar Area Chart,390,dark,False,
Components/Chart,Stacked Bar,1200,light,False,
Components/Chart,Stacked Bar,1200,dark,False,
Components/Chart,Stacked Bar,390,light,False,
Components/Chart,Stacked Bar,390,dark,False,
Components/Chart,Horizontal Bar,1200,light,False,
Components/Chart,Horizontal Bar,1200,dark,False,
Components/Chart,Horizontal Bar,390,light,False,
Components/Chart,Horizontal Bar,390,dark,False,
Components/Chip,Input Chip,1200,light,False,
Components/Chip,Input Chip,1200,dark,False,
Components/Chip,Input Chip,390,light,False,
Components/Chip,Input Chip,390,dark,False,
Components/Chip,Filter Chip,1200,light,False,
Components/Chip,Filter Chip,1200,dark,False,
Components/Chip,Filter Chip,390,light,False,
Components/Chip,Filter Chip,390,dark,False,
Components/Chip,Disabled,1200,light,False,color-contrast
Components/Chip,Disabled,1200,dark,False,color-contrast
Components/Chip,Disabled,390,light,False,color-contrast
Components/Chip,Disabled,390,dark,False,color-contrast
Components/Divider,Default,1200,light,False,
Components/Divider,Default,1200,dark,False,
Components/Divider,Default,390,light,True,
Components/Divider,Default,390,dark,True,
Components/Divider,With Icon,1200,light,False,
Components/Divider,With Icon,1200,dark,False,
Components/Divider,With Icon,390,light,True,
Components/Divider,With Icon,390,dark,True,
Components/Divider,With Label,1200,light,False,
Components/Divider,With Label,1200,dark,False,
Components/Divider,With Label,390,light,True,
Components/Divider,With Label,390,dark,True,
Components/Divider,With Title,1200,light,False,
Components/Divider,With Title,1200,dark,False,
Components/Divider,With Title,390,light,True,
Components/Divider,With Title,390,dark,True,
Components/Divider,With Button,1200,light,False,
Components/Divider,With Button,1200,dark,False,
Components/Divider,With Button,390,light,True,
Components/Divider,With Button,390,dark,True,
Components/Divider,With Title And Button,1200,light,False,
Components/Divider,With Title And Button,1200,dark,False,
Components/Divider,With Title And Button,390,light,True,
Components/Divider,With Title And Button,390,dark,True,
Components/Divider,All Variants,1200,light,False,
Components/Divider,All Variants,1200,dark,False,
Components/Divider,All Variants,390,light,True,
Components/Divider,All Variants,390,dark,True,
Components/Counter,Default,1200,light,False,
Components/Counter,Default,1200,dark,False,
Components/Counter,Default,390,light,False,
Components/Counter,Default,390,dark,False,
Components/Counter,All Sizes,1200,light,False,
Components/Counter,All Sizes,1200,dark,False,
Components/Counter,All Sizes,390,light,False,
Components/Counter,All Sizes,390,dark,False,
Components/Counter,All Shapes,1200,light,False,
Components/Counter,All Shapes,1200,dark,False,
Components/Counter,All Shapes,390,light,False,
Components/Counter,All Shapes,390,dark,False,
Components/Counter,Interactive,1200,light,False,
Components/Counter,Interactive,1200,dark,False,
Components/Counter,Interactive,390,light,False,
Components/Counter,Interactive,390,dark,False,
Components/Counter,With Min Max,1200,light,False,
Components/Counter,With Min Max,1200,dark,False,
Components/Counter,With Min Max,390,light,False,
Components/Counter,With Min Max,390,dark,False,
Components/Counter,Number Counters,1200,light,False,color-contrast
Components/Counter,Number Counters,1200,dark,False,
Components/Counter,Number Counters,390,light,False,color-contrast
Components/Counter,Number Counters,390,dark,False,
Components/DatePicker,Default,1200,light,False,
Components/DatePicker,Default,1200,dark,False,
Components/DatePicker,Default,390,light,False,
Components/DatePicker,Default,390,dark,False,
Components/DatePicker,With Footer,1200,light,False,
Components/DatePicker,With Footer,1200,dark,False,
Components/DatePicker,With Footer,390,light,False,
Components/DatePicker,With Footer,390,dark,False,
Components/DatePicker,Date Range,1200,light,False,
Components/DatePicker,Date Range,1200,dark,False,
Components/DatePicker,Date Range,390,light,False,
Components/DatePicker,Date Range,390,dark,False,
Components/DatePicker,Year Picker,1200,light,False,
Components/DatePicker,Year Picker,1200,dark,False,
Components/DatePicker,Year Picker,390,light,False,
Components/DatePicker,Year Picker,390,dark,False,
Components/DatePicker,Interactive,1200,light,False,
Components/DatePicker,Interactive,1200,dark,False,
Components/DatePicker,Interactive,390,light,False,
Components/DatePicker,Interactive,390,dark,False,
Components/DatePicker,Interactive Range,1200,light,False,
Components/DatePicker,Interactive Range,1200,dark,False,
Components/DatePicker,Interactive Range,390,light,False,
Components/DatePicker,Interactive Range,390,dark,False,
Components/DatePicker,With Min Max,1200,light,False,
Components/DatePicker,With Min Max,1200,dark,False,
Components/DatePicker,With Min Max,390,light,False,
Components/DatePicker,With Min Max,390,dark,False,
Components/DropdownMenu,Default,1200,light,False,
Components/DropdownMenu,Default,1200,dark,False,color-contrast
Components/DropdownMenu,Default,390,light,False,
Components/DropdownMenu,Default,390,dark,False,color-contrast
Components/DropdownMenu,With Section Headers,1200,light,False,
Components/DropdownMenu,With Section Headers,1200,dark,False,color-contrast
Components/DropdownMenu,With Section Headers,390,light,False,
Components/DropdownMenu,With Section Headers,390,dark,False,color-contrast
Components/DropdownMenu,With Selection,1200,light,False,
Components/DropdownMenu,With Selection,1200,dark,False,color-contrast
Components/DropdownMenu,With Selection,390,light,False,
Components/DropdownMenu,With Selection,390,dark,False,color-contrast
Components/DropdownMenu,Avatar Trigger,1200,light,False,
Components/DropdownMenu,Avatar Trigger,1200,dark,False,
Components/DropdownMenu,Avatar Trigger,390,light,False,
Components/DropdownMenu,Avatar Trigger,390,dark,False,
Components/DropdownMenu,Icon Only Trigger,1200,light,False,button-name
Components/DropdownMenu,Icon Only Trigger,1200,dark,False,button-name
Components/DropdownMenu,Icon Only Trigger,390,light,False,button-name
Components/DropdownMenu,Icon Only Trigger,390,dark,False,button-name
Components/DropdownMenu,Disabled,1200,light,False,
Components/DropdownMenu,Disabled,1200,dark,False,
Components/DropdownMenu,Disabled,390,light,False,
Components/DropdownMenu,Disabled,390,dark,False,
Components/DropdownMenu,Align Start,1200,light,False,
Components/DropdownMenu,Align Start,1200,dark,False,color-contrast
Components/DropdownMenu,Align Start,390,light,False,
Components/DropdownMenu,Align Start,390,dark,False,color-contrast
Components/EmptyStateIllustration,All Colored,1200,light,False,
Components/EmptyStateIllustration,All Colored,1200,dark,False,
Components/EmptyStateIllustration,All Colored,390,light,False,
Components/EmptyStateIllustration,All Colored,390,dark,False,
Components/EmptyStateIllustration,All Grey,1200,light,False,
Components/EmptyStateIllustration,All Grey,1200,dark,False,
Components/EmptyStateIllustration,All Grey,390,light,False,
Components/EmptyStateIllustration,All Grey,390,dark,False,
Components/EmptyStateIllustration,Colored Vs Grey,1200,light,False,
Components/EmptyStateIllustration,Colored Vs Grey,1200,dark,False,
Components/EmptyStateIllustration,Colored Vs Grey,390,light,False,
Components/EmptyStateIllustration,Colored Vs Grey,390,dark,False,
Components/EmptyStateIllustration,Custom Palette,1200,light,False,
Components/EmptyStateIllustration,Custom Palette,1200,dark,False,
Components/EmptyStateIllustration,Custom Palette,390,light,False,
Components/EmptyStateIllustration,Custom Palette,390,dark,False,
Components/EmptyStateIllustration,Sizes,1200,light,False,
Components/EmptyStateIllustration,Sizes,1200,dark,False,
Components/EmptyStateIllustration,Sizes,390,light,True,
Components/EmptyStateIllustration,Sizes,390,dark,True,
Elements/FileUpload/DropZone,Default,1200,light,False,
Elements/FileUpload/DropZone,Default,1200,dark,False,
Elements/FileUpload/DropZone,Default,390,light,False,
Elements/FileUpload/DropZone,Default,390,dark,False,
Elements/FileUpload/DropZone,Uploading,1200,light,False,
Elements/FileUpload/DropZone,Uploading,1200,dark,False,
Elements/FileUpload/DropZone,Uploading,390,light,False,
Elements/FileUpload/DropZone,Uploading,390,dark,False,
Elements/FileUpload/DropZone,Success,1200,light,False,color-contrast
Elements/FileUpload/DropZone,Success,1200,dark,False,
Elements/FileUpload/DropZone,Success,390,light,False,color-contrast
Elements/FileUpload/DropZone,Success,390,dark,False,
Elements/FileUpload/DropZone,Error,1200,light,False,color-contrast
Elements/FileUpload/DropZone,Error,1200,dark,False,
Elements/FileUpload/DropZone,Error,390,light,False,color-contrast
Elements/FileUpload/DropZone,Error,390,dark,False,
Elements/FileUpload/DropZone,File Item States,1200,light,False,color-contrast
Elements/FileUpload/DropZone,File Item States,1200,dark,False,
Elements/FileUpload/DropZone,File Item States,390,light,True,color-contrast
Elements/FileUpload/DropZone,File Item States,390,dark,True,
Elements/FileUpload/DropZone,Single File Upload,1200,light,False,
Elements/FileUpload/DropZone,Single File Upload,1200,dark,False,
Elements/FileUpload/DropZone,Single File Upload,390,light,True,
Elements/FileUpload/DropZone,Single File Upload,390,dark,True,
Elements/FileUpload/DropZone,Multiple File Upload,1200,light,False,
Elements/FileUpload/DropZone,Multiple File Upload,1200,dark,False,
Elements/FileUpload/DropZone,Multiple File Upload,390,light,True,
Elements/FileUpload/DropZone,Multiple File Upload,390,dark,True,
Components/FormControl,Checkboxes,1200,light,False,
Components/FormControl,Checkboxes,1200,dark,False,
Components/FormControl,Checkboxes,390,light,False,
Components/FormControl,Checkboxes,390,dark,False,
Components/FormControl,Radios,1200,light,False,
Components/FormControl,Radios,1200,dark,False,
Components/FormControl,Radios,390,light,False,
Components/FormControl,Radios,390,dark,False,
Components/FormControl,Toggles,1200,light,False,
Components/FormControl,Toggles,1200,dark,False,
Components/FormControl,Toggles,390,light,False,
Components/FormControl,Toggles,390,dark,False,
Components/Input,Default,1200,light,False,
Components/Input,Default,1200,dark,False,
Components/Input,Default,390,light,False,
Components/Input,Default,390,dark,False,
Components/Input,Extra Small,1200,light,False,
Components/Input,Extra Small,1200,dark,False,
Components/Input,Extra Small,390,light,False,
Components/Input,Extra Small,390,dark,False,
Components/Input,Medium,1200,light,False,
Components/Input,Medium,1200,dark,False,
Components/Input,Medium,390,light,False,
Components/Input,Medium,390,dark,False,
Components/Input,Large,1200,light,False,
Components/Input,Large,1200,dark,False,
Components/Input,Large,390,light,False,
Components/Input,Large,390,dark,False,
Components/Input,With Success,1200,light,False,
Components/Input,With Success,1200,dark,False,
Components/Input,With Success,390,light,False,
Components/Input,With Success,390,dark,False,
Components/Input,With Error,1200,light,False,
Components/Input,With Error,1200,dark,False,
Components/Input,With Error,390,light,False,
Components/Input,With Error,390,dark,False,
Components/Input,Read Only,1200,light,False,
Components/Input,Read Only,1200,dark,False,
Components/Input,Read Only,390,light,False,
Components/Input,Read Only,390,dark,False,
Components/Input,All Sizes,1200,light,False,
Components/Input,All Sizes,1200,dark,False,
Components/Input,All Sizes,390,light,False,
Components/Input,All Sizes,390,dark,False,
Components/Input,All States,1200,light,False,
Components/Input,All States,1200,dark,False,
Components/Input,All States,390,light,False,
Components/Input,All States,390,dark,False,
Components/Input,With Leading Addon,1200,light,False,
Components/Input,With Leading Addon,1200,dark,False,
Components/Input,With Leading Addon,390,light,False,
Components/Input,With Leading Addon,390,dark,False,
Components/Input,With Trailing Addon,1200,light,False,color-contrast
Components/Input,With Trailing Addon,1200,dark,False,
Components/Input,With Trailing Addon,390,light,False,color-contrast
Components/Input,With Trailing Addon,390,dark,False,
Components/Input,With Both Addons,1200,light,False,
Components/Input,With Both Addons,1200,dark,False,
Components/Input,With Both Addons,390,light,False,
Components/Input,With Both Addons,390,dark,False,
Components/Icon,Default,1200,light,False,
Components/Icon,Default,1200,dark,False,
Components/Icon,Default,390,light,False,
Components/Icon,Default,390,dark,False,
Components/Icon,Sizes,1200,light,False,
Components/Icon,Sizes,1200,dark,False,
Components/Icon,Sizes,390,light,False,
Components/Icon,Sizes,390,dark,False,
Components/Icon,Variants,1200,light,False,
Components/Icon,Variants,1200,dark,False,
Components/Icon,Variants,390,light,False,
Components/Icon,Variants,390,dark,False,
Components/Icon,Colors,1200,light,False,
Components/Icon,Colors,1200,dark,False,
Components/Icon,Colors,390,light,False,
Components/Icon,Colors,390,dark,False,
Components/Icon,Gallery,1200,light,False,
Components/Icon,Gallery,1200,dark,False,
Components/Icon,Gallery,390,light,False,
Components/Icon,Gallery,390,dark,False,
Elements/MetricsCard,Variation 1 Data Cta,1200,light,False,
Elements/MetricsCard,Variation 1 Data Cta,1200,dark,False,
Elements/MetricsCard,Variation 1 Data Cta,390,light,False,
Elements/MetricsCard,Variation 1 Data Cta,390,dark,False,
Elements/MetricsCard,Variation 1 Data Only,1200,light,False,
Elements/MetricsCard,Variation 1 Data Only,1200,dark,False,
Elements/MetricsCard,Variation 1 Data Only,390,light,False,
Elements/MetricsCard,Variation 1 Data Only,390,dark,False,
Elements/MetricsCard,Variation 2 Data Cta,1200,light,False,
Elements/MetricsCard,Variation 2 Data Cta,1200,dark,False,
Elements/MetricsCard,Variation 2 Data Cta,390,light,False,
Elements/MetricsCard,Variation 2 Data Cta,390,dark,False,
Elements/MetricsCard,Variation 2 Data Only,1200,light,False,
Elements/MetricsCard,Variation 2 Data Only,1200,dark,False,
Elements/MetricsCard,Variation 2 Data Only,390,light,False,
Elements/MetricsCard,Variation 2 Data Only,390,dark,False,
Elements/MetricsCard,Variation 3 Data Cta,1200,light,False,
Elements/MetricsCard,Variation 3 Data Cta,1200,dark,False,
Elements/MetricsCard,Variation 3 Data Cta,390,light,False,
Elements/MetricsCard,Variation 3 Data Cta,390,dark,False,
Elements/MetricsCard,Variation 3 Data Only,1200,light,False,
Elements/MetricsCard,Variation 3 Data Only,1200,dark,False,
Elements/MetricsCard,Variation 3 Data Only,390,light,False,
Elements/MetricsCard,Variation 3 Data Only,390,dark,False,
Elements/MetricsCard,Variation 4 Data Cta,1200,light,False,color-contrast
Elements/MetricsCard,Variation 4 Data Cta,1200,dark,False,
Elements/MetricsCard,Variation 4 Data Cta,390,light,False,color-contrast
Elements/MetricsCard,Variation 4 Data Cta,390,dark,False,
Elements/MetricsCard,Variation 4 Data Only,1200,light,False,color-contrast
Elements/MetricsCard,Variation 4 Data Only,1200,dark,False,
Elements/MetricsCard,Variation 4 Data Only,390,light,False,color-contrast
Elements/MetricsCard,Variation 4 Data Only,390,dark,False,
Elements/MetricsCard,Variation 5 Data Cta,1200,light,False,
Elements/MetricsCard,Variation 5 Data Cta,1200,dark,False,
Elements/MetricsCard,Variation 5 Data Cta,390,light,False,
Elements/MetricsCard,Variation 5 Data Cta,390,dark,False,
Elements/MetricsCard,Variation 5 Data Only,1200,light,False,
Elements/MetricsCard,Variation 5 Data Only,1200,dark,False,
Elements/MetricsCard,Variation 5 Data Only,390,light,False,
Elements/MetricsCard,Variation 5 Data Only,390,dark,False,
Elements/MetricsCard,Variation 6 Data Cta,1200,light,False,
Elements/MetricsCard,Variation 6 Data Cta,1200,dark,False,
Elements/MetricsCard,Variation 6 Data Cta,390,light,False,
Elements/MetricsCard,Variation 6 Data Cta,390,dark,False,
Elements/MetricsCard,Variation 6 Data Only,1200,light,False,
Elements/MetricsCard,Variation 6 Data Only,1200,dark,False,
Elements/MetricsCard,Variation 6 Data Only,390,light,False,
Elements/MetricsCard,Variation 6 Data Only,390,dark,False,
Elements/MetricsCard,All Variations,1200,light,False,color-contrast
Elements/MetricsCard,All Variations,1200,dark,False,
Elements/MetricsCard,All Variations,390,light,False,color-contrast
Elements/MetricsCard,All Variations,390,dark,False,
Elements/Modal,Default,1200,light,False,color-contrast
Elements/Modal,Default,1200,dark,False,color-contrast
Elements/Modal,Default,390,light,False,color-contrast
Elements/Modal,Default,390,dark,False,color-contrast
Elements/Modal,Vertical Footer,1200,light,False,color-contrast
Elements/Modal,Vertical Footer,1200,dark,False,color-contrast
Elements/Modal,Vertical Footer,390,light,False,color-contrast
Elements/Modal,Vertical Footer,390,dark,False,color-contrast
Elements/Modal,Large Modal,1200,light,False,color-contrast
Elements/Modal,Large Modal,1200,dark,False,color-contrast
Elements/Modal,Large Modal,390,light,False,color-contrast
Elements/Modal,Large Modal,390,dark,False,color-contrast
Elements/Modal,Primary Only,1200,light,False,color-contrast
Elements/Modal,Primary Only,1200,dark,False,color-contrast
Elements/Modal,Primary Only,390,light,False,color-contrast
Elements/Modal,Primary Only,390,dark,False,color-contrast
Elements/Modal,No Blur,1200,light,False,color-contrast
Elements/Modal,No Blur,1200,dark,False,color-contrast
Elements/Modal,No Blur,390,light,False,color-contrast
Elements/Modal,No Blur,390,dark,False,color-contrast
Elements/Modal,Custom Icon,1200,light,False,color-contrast
Elements/Modal,Custom Icon,1200,dark,False,color-contrast
Elements/Modal,Custom Icon,390,light,False,color-contrast
Elements/Modal,Custom Icon,390,dark,False,color-contrast
Elements/Modal,Focus Management,1200,light,False,color-contrast
Elements/Modal,Focus Management,1200,dark,False,color-contrast
Elements/Modal,Focus Management,390,light,False,color-contrast
Elements/Modal,Focus Management,390,dark,False,color-contrast
Elements/Modal,Dismissal Policy,1200,light,False,
Elements/Modal,Dismissal Policy,1200,dark,False,
Elements/Modal,Dismissal Policy,390,light,False,
Elements/Modal,Dismissal Policy,390,dark,False,
Components/Pagination,Default,1200,light,False,
Components/Pagination,Default,1200,dark,False,
Components/Pagination,Default,390,light,False,
Components/Pagination,Default,390,dark,False,
Components/Pagination,No Prev Next,1200,light,False,
Components/Pagination,No Prev Next,1200,dark,False,
Components/Pagination,No Prev Next,390,light,False,
Components/Pagination,No Prev Next,390,dark,False,
Components/Pagination,Few Pages,1200,light,False,
Components/Pagination,Few Pages,1200,dark,False,
Components/Pagination,Few Pages,390,light,False,
Components/Pagination,Few Pages,390,dark,False,
Components/ProgressBar,Default,1200,light,False,
Components/ProgressBar,Default,1200,dark,False,
Components/ProgressBar,Default,390,light,False,
Components/ProgressBar,Default,390,dark,False,
Components/ProgressBar,Small,1200,light,False,
Components/ProgressBar,Small,1200,dark,False,
Components/ProgressBar,Small,390,light,False,
Components/ProgressBar,Small,390,dark,False,
Components/ProgressBar,Medium,1200,light,False,
Components/ProgressBar,Medium,1200,dark,False,
Components/ProgressBar,Medium,390,light,False,
Components/ProgressBar,Medium,390,dark,False,
Components/ProgressBar,With Metadata,1200,light,False,
Components/ProgressBar,With Metadata,1200,dark,False,
Components/ProgressBar,With Metadata,390,light,False,
Components/ProgressBar,With Metadata,390,dark,False,
Components/ProgressBar,Percentage On Top,1200,light,False,
Components/ProgressBar,Percentage On Top,1200,dark,False,
Components/ProgressBar,Percentage On Top,390,light,False,
Components/ProgressBar,Percentage On Top,390,dark,False,
Components/ProgressBar,Segmented,1200,light,False,
Components/ProgressBar,Segmented,1200,dark,False,
Components/ProgressBar,Segmented,390,light,False,
Components/ProgressBar,Segmented,390,dark,False,
Components/ProgressBar,All Sizes,1200,light,False,
Components/ProgressBar,All Sizes,1200,dark,False,
Components/ProgressBar,All Sizes,390,light,False,
Components/ProgressBar,All Sizes,390,dark,False,
Components/ProgressBar,All Types,1200,light,False,
Components/ProgressBar,All Types,1200,dark,False,
Components/ProgressBar,All Types,390,light,False,
Components/ProgressBar,All Types,390,dark,False,
Components/ProgressBar,All Stages,1200,light,False,
Components/ProgressBar,All Stages,1200,dark,False,
Components/ProgressBar,All Stages,390,light,False,
Components/ProgressBar,All Stages,390,dark,False,
Components/ProgressBar,Segmented Stages,1200,light,False,
Components/ProgressBar,Segmented Stages,1200,dark,False,
Components/ProgressBar,Segmented Stages,390,light,False,
Components/ProgressBar,Segmented Stages,390,dark,False,
Components/Select,Default,1200,light,False,
Components/Select,Default,1200,dark,False,
Components/Select,Default,390,light,False,
Components/Select,Default,390,dark,False,
Components/Select,With Descriptions,1200,light,False,
Components/Select,With Descriptions,1200,dark,False,
Components/Select,With Descriptions,390,light,False,
Components/Select,With Descriptions,390,dark,False,
Components/Select,With Icons,1200,light,False,
Components/Select,With Icons,1200,dark,False,
Components/Select,With Icons,390,light,False,
Components/Select,With Icons,390,dark,False,
Components/Select,With Avatars,1200,light,False,
Components/Select,With Avatars,1200,dark,False,
Components/Select,With Avatars,390,light,False,
Components/Select,With Avatars,390,dark,False,
Components/Select,With Status,1200,light,False,
Components/Select,With Status,1200,dark,False,
Components/Select,With Status,390,light,False,
Components/Select,With Status,390,dark,False,
Components/Select,With Helper Text,1200,light,False,
Components/Select,With Helper Text,1200,dark,False,
Components/Select,With Helper Text,390,light,False,
Components/Select,With Helper Text,390,dark,False,
Components/Select,Filled,1200,light,False,
Components/Select,Filled,1200,dark,False,
Components/Select,Filled,390,light,False,
Components/Select,Filled,390,dark,False,
Components/Select,Disabled,1200,light,False,
Components/Select,Disabled,1200,dark,False,
Components/Select,Disabled,390,light,False,
Components/Select,Disabled,390,dark,False,
Components/Select,With Disabled Options,1200,light,False,
Components/Select,With Disabled Options,1200,dark,False,
Components/Select,With Disabled Options,390,light,False,
Components/Select,With Disabled Options,390,dark,False,
Components/Select,Controlled,1200,light,False,
Components/Select,Controlled,1200,dark,False,
Components/Select,Controlled,390,light,False,
Components/Select,Controlled,390,dark,False,
Elements/SidebarMenu,Default,1200,light,False,button-name
Elements/SidebarMenu,Default,1200,dark,False,button-name
Elements/SidebarMenu,Default,390,light,False,button-name
Elements/SidebarMenu,Default,390,dark,False,button-name
Elements/SidebarMenu,With Sub Items,1200,light,False,
Elements/SidebarMenu,With Sub Items,1200,dark,False,
Elements/SidebarMenu,With Sub Items,390,light,False,
Elements/SidebarMenu,With Sub Items,390,dark,False,
Elements/SidebarMenu,Collapsed,1200,light,False,
Elements/SidebarMenu,Collapsed,1200,dark,False,
Elements/SidebarMenu,Collapsed,390,light,False,
Elements/SidebarMenu,Collapsed,390,dark,False,
Elements/SidebarMenu,All Themes,1200,light,False,"button-name,color-contrast,landmark-unique"
Elements/SidebarMenu,All Themes,1200,dark,False,"button-name,color-contrast,landmark-unique"
Elements/SidebarMenu,All Themes,390,light,True,"button-name,color-contrast,landmark-unique"
Elements/SidebarMenu,All Themes,390,dark,True,"button-name,color-contrast,landmark-unique"
Elements/SidebarMenu,Collapsible Toggle,1200,light,False,
Elements/SidebarMenu,Collapsible Toggle,1200,dark,False,color-contrast
Elements/SidebarMenu,Collapsible Toggle,390,light,False,
Elements/SidebarMenu,Collapsible Toggle,390,dark,False,color-contrast
Components/ProgressCircle,Default,1200,light,False,
Components/ProgressCircle,Default,1200,dark,False,
Components/ProgressCircle,Default,390,light,False,
Components/ProgressCircle,Default,390,dark,False,
Components/ProgressCircle,Segmented,1200,light,False,
Components/ProgressCircle,Segmented,1200,dark,False,
Components/ProgressCircle,Segmented,390,light,False,
Components/ProgressCircle,Segmented,390,dark,False,
Components/ProgressCircle,All Sizes,1200,light,False,
Components/ProgressCircle,All Sizes,1200,dark,False,
Components/ProgressCircle,All Sizes,390,light,True,
Components/ProgressCircle,All Sizes,390,dark,True,
Components/ProgressCircle,Segmented All Sizes,1200,light,False,
Components/ProgressCircle,Segmented All Sizes,1200,dark,False,
Components/ProgressCircle,Segmented All Sizes,390,light,True,
Components/ProgressCircle,Segmented All Sizes,390,dark,True,
Components/ProgressCircle,Progress Steps,1200,light,False,
Components/ProgressCircle,Progress Steps,1200,dark,False,
Components/ProgressCircle,Progress Steps,390,light,True,
Components/ProgressCircle,Progress Steps,390,dark,True,
Components/ProgressCircle,Segmented Steps,1200,light,False,
Components/ProgressCircle,Segmented Steps,1200,dark,False,
Components/ProgressCircle,Segmented Steps,390,light,True,
Components/ProgressCircle,Segmented Steps,390,dark,True,
Components/ProgressCircle,No Text,1200,light,False,
Components/ProgressCircle,No Text,1200,dark,False,
Components/ProgressCircle,No Text,390,light,False,
Components/ProgressCircle,No Text,390,dark,False,
Components/Slider,Default,1200,light,False,
Components/Slider,Default,1200,dark,False,
Components/Slider,Default,390,light,False,
Components/Slider,Default,390,dark,False,
Components/Slider,Small,1200,light,False,
Components/Slider,Small,1200,dark,False,
Components/Slider,Small,390,light,False,
Components/Slider,Small,390,dark,False,
Components/Slider,Medium,1200,light,False,
Components/Slider,Medium,1200,dark,False,
Components/Slider,Medium,390,light,False,
Components/Slider,Medium,390,dark,False,
Components/Slider,All Sizes,1200,light,False,
Components/Slider,All Sizes,1200,dark,False,
Components/Slider,All Sizes,390,light,False,
Components/Slider,All Sizes,390,dark,False,
Components/Slider,All Stages,1200,light,False,
Components/Slider,All Stages,1200,dark,False,
Components/Slider,All Stages,390,light,False,
Components/Slider,All Stages,390,dark,False,
Components/Slider,Interactive,1200,light,False,
Components/Slider,Interactive,1200,dark,False,
Components/Slider,Interactive,390,light,False,
Components/Slider,Interactive,390,dark,False,
Components/Slider,Range,1200,light,False,
Components/Slider,Range,1200,dark,False,
Components/Slider,Range,390,light,False,
Components/Slider,Range,390,dark,False,
Components/Slider,Interactive Range,1200,light,False,
Components/Slider,Interactive Range,1200,dark,False,
Components/Slider,Interactive Range,390,light,False,
Components/Slider,Interactive Range,390,dark,False,
Components/Tabs,Line Tabs,1200,light,False,
Components/Tabs,Line Tabs,1200,dark,False,
Components/Tabs,Line Tabs,390,light,True,
Components/Tabs,Line Tabs,390,dark,True,
Components/Tabs,Pill Tabs,1200,light,False,
Components/Tabs,Pill Tabs,1200,dark,False,
Components/Tabs,Pill Tabs,390,light,True,
Components/Tabs,Pill Tabs,390,dark,True,
Components/Tabs,Segmented Tabs,1200,light,False,
Components/Tabs,Segmented Tabs,1200,dark,False,
Components/Tabs,Segmented Tabs,390,light,True,
Components/Tabs,Segmented Tabs,390,dark,True,
Components/Tabs,All Sizes,1200,light,False,color-contrast
Components/Tabs,All Sizes,1200,dark,False,
Components/Tabs,All Sizes,390,light,False,color-contrast
Components/Tabs,All Sizes,390,dark,False,
Components/Tabs,Vertical Line,1200,light,False,
Components/Tabs,Vertical Line,1200,dark,False,
Components/Tabs,Vertical Line,390,light,False,
Components/Tabs,Vertical Line,390,dark,False,
Components/Tabs,Vertical Segmented,1200,light,False,
Components/Tabs,Vertical Segmented,1200,dark,False,
Components/Tabs,Vertical Segmented,390,light,False,
Components/Tabs,Vertical Segmented,390,dark,False,
Components/Tabs,With Disabled,1200,light,False,
Components/Tabs,With Disabled,1200,dark,False,
Components/Tabs,With Disabled,390,light,False,
Components/Tabs,With Disabled,390,dark,False,
Components/Tabs,Text Only,1200,light,False,
Components/Tabs,Text Only,1200,dark,False,
Components/Tabs,Text Only,390,light,False,
Components/Tabs,Text Only,390,dark,False,
Components/Tabs,All Variants,1200,light,False,color-contrast
Components/Tabs,All Variants,1200,dark,False,
Components/Tabs,All Variants,390,light,False,color-contrast
Components/Tabs,All Variants,390,dark,False,
Components/Stepper,Horizontal,1200,light,False,
Components/Stepper,Horizontal,1200,dark,False,
Components/Stepper,Horizontal,390,light,True,
Components/Stepper,Horizontal,390,dark,True,
Components/Stepper,Horizontal With Numbers,1200,light,False,
Components/Stepper,Horizontal With Numbers,1200,dark,False,
Components/Stepper,Horizontal With Numbers,390,light,True,
Components/Stepper,Horizontal With Numbers,390,dark,True,
Components/Stepper,Vertical,1200,light,False,
Components/Stepper,Vertical,1200,dark,False,
Components/Stepper,Vertical,390,light,False,
Components/Stepper,Vertical,390,dark,False,
Components/Stepper,Vertical With Numbers,1200,light,False,
Components/Stepper,Vertical With Numbers,1200,dark,False,
Components/Stepper,Vertical With Numbers,390,light,False,
Components/Stepper,Vertical With Numbers,390,dark,False,
Components/Stepper,All Steps,1200,light,False,
Components/Stepper,All Steps,1200,dark,False,
Components/Stepper,All Steps,390,light,True,
Components/Stepper,All Steps,390,dark,True,
Components/Stepper,Linear,1200,light,False,
Components/Stepper,Linear,1200,dark,False,
Components/Stepper,Linear,390,light,False,
Components/Stepper,Linear,390,dark,False,
Components/Stepper,Segmented,1200,light,False,
Components/Stepper,Segmented,1200,dark,False,
Components/Stepper,Segmented,390,light,False,
Components/Stepper,Segmented,390,dark,False,
Components/Stepper,With Disabled,1200,light,False,color-contrast
Components/Stepper,With Disabled,1200,dark,False,color-contrast
Components/Stepper,With Disabled,390,light,False,color-contrast
Components/Stepper,With Disabled,390,dark,False,color-contrast
Components/Table,Default,1200,light,False,
Components/Table,Default,1200,dark,False,
Components/Table,Default,390,light,False,
Components/Table,Default,390,dark,False,
Components/Table,With Selection,1200,light,False,
Components/Table,With Selection,1200,dark,False,
Components/Table,With Selection,390,light,False,
Components/Table,With Selection,390,dark,False,
Components/Table,With Sorting,1200,light,False,
Components/Table,With Sorting,1200,dark,False,
Components/Table,With Sorting,390,light,False,
Components/Table,With Sorting,390,dark,False,
Components/Table,With Leading Avatar,1200,light,False,color-contrast
Components/Table,With Leading Avatar,1200,dark,False,
Components/Table,With Leading Avatar,390,light,False,color-contrast
Components/Table,With Leading Avatar,390,dark,False,
Components/Table,Full Featured,1200,light,False,
Components/Table,Full Featured,1200,dark,False,
Components/Table,Full Featured,390,light,False,
Components/Table,Full Featured,390,dark,False,
Components/Spinner,Default,1200,light,False,
Components/Spinner,Default,1200,dark,False,
Components/Spinner,Default,390,light,False,
Components/Spinner,Default,390,dark,False,
Components/Spinner,All Types,1200,light,False,
Components/Spinner,All Types,1200,dark,False,
Components/Spinner,All Types,390,light,False,
Components/Spinner,All Types,390,dark,False,
Components/Spinner,All Sizes,1200,light,False,
Components/Spinner,All Sizes,1200,dark,False,
Components/Spinner,All Sizes,390,light,True,
Components/Spinner,All Sizes,390,dark,True,
Components/Spinner,Label Positions,1200,light,False,
Components/Spinner,Label Positions,1200,dark,False,
Components/Spinner,Label Positions,390,light,False,
Components/Spinner,Label Positions,390,dark,False,
Components/Spinner,White Style,1200,light,False,
Components/Spinner,White Style,1200,dark,False,color-contrast
Components/Spinner,White Style,390,light,False,
Components/Spinner,White Style,390,dark,False,color-contrast
Components/Spinner,No Label,1200,light,False,
Components/Spinner,No Label,1200,dark,False,
Components/Spinner,No Label,390,light,False,
Components/Spinner,No Label,390,dark,False,
Components/Spinner,All Types Large,1200,light,False,
Components/Spinner,All Types Large,1200,dark,False,
Components/Spinner,All Types Large,390,light,False,
Components/Spinner,All Types Large,390,dark,False,
Components/Tooltip,Light,1200,light,False,
Components/Tooltip,Light,1200,dark,False,
Components/Tooltip,Light,390,light,False,
Components/Tooltip,Light,390,dark,False,
Components/Tooltip,Dark,1200,light,False,
Components/Tooltip,Dark,1200,dark,False,
Components/Tooltip,Dark,390,light,False,
Components/Tooltip,Dark,390,dark,False,
Components/Tooltip,Positions,1200,light,False,
Components/Tooltip,Positions,1200,dark,False,
Components/Tooltip,Positions,390,light,False,
Components/Tooltip,Positions,390,dark,False,
Components/Tooltip,No Title,1200,light,False,
Components/Tooltip,No Title,1200,dark,False,
Components/Tooltip,No Title,390,light,False,
Components/Tooltip,No Title,390,dark,False,
