viewport,group,story,theme,axe_rules_flagged,checks_needing_manual_review,canvas_width,content_width
1200,Blocks/EmptyState,No Tasks,light,,,1200,1200
1200,Blocks/EmptyState,No Tasks,dark,color-contrast,,1200,1200
1200,Blocks/EmptyState,No Results,light,,,1200,1200
1200,Blocks/EmptyState,No Results,dark,color-contrast,,1200,1200
1200,Blocks/EmptyState,Upload Photos,light,,color-contrast,1200,1200
1200,Blocks/EmptyState,Upload Photos,dark,color-contrast,color-contrast,1200,1200
1200,Blocks/Header,With Announcement,light,color-contrast,,1200,1200
1200,Blocks/Header,With Announcement,dark,color-contrast,,1200,1200
1200,Blocks/Header,Standard,light,color-contrast,,1200,1200
1200,Blocks/Header,Standard,dark,color-contrast,,1200,1200
1200,Blocks/Header,Pill Nav,light,color-contrast,,1200,1200
1200,Blocks/Header,Pill Nav,dark,color-contrast,,1200,1200
1200,Blocks/Header,Dark Pill Nav,light,color-contrast,,1200,1200
1200,Blocks/Header,Dark Pill Nav,dark,color-contrast,color-contrast,1200,1200
1200,Blocks/Header,Rounded Buttons,light,color-contrast,,1200,1200
1200,Blocks/Header,Rounded Buttons,dark,color-contrast,,1200,1200
1200,Blocks/Header,With Language,light,color-contrast,,1200,1200
1200,Blocks/Header,With Language,dark,color-contrast,,1200,1200
1200,Blocks/Header,Centered Logo,light,color-contrast,,1200,1200
1200,Blocks/Header,Centered Logo,dark,color-contrast,,1200,1200
1200,Blocks/Header,Dark Background,light,color-contrast,,1200,1200
1200,Blocks/Header,Dark Background,dark,color-contrast,color-contrast,1200,1200
1200,Blocks/Header,With Search,light,color-contrast,,1200,1200
1200,Blocks/Header,With Search,dark,color-contrast,,1200,1200
1200,Blocks/Header,With Switcher,light,color-contrast,,1200,1200
1200,Blocks/Header,With Switcher,dark,color-contrast,,1200,1200
1200,Blocks/Header,Double Row,light,color-contrast,,1200,1200
1200,Blocks/Header,Double Row,dark,color-contrast,,1200,1200
1200,Blocks/Login,Standard,light,aria-hidden-focus; color-contrast,,1200,1200
1200,Blocks/Login,Standard,dark,aria-hidden-focus,,1200,1200
1200,Blocks/Login,Card,light,aria-hidden-focus; color-contrast,,1200,1200
1200,Blocks/Login,Card,dark,aria-hidden-focus,,1200,1200
1200,Blocks/Login,Work Email,light,aria-hidden-focus,,1200,1200
1200,Blocks/Login,Work Email,dark,aria-hidden-focus; color-contrast,,1200,1200
1200,Blocks/Notifications,Default,light,color-contrast,color-contrast,1200,1200
1200,Blocks/Notifications,Default,dark,color-contrast,,1200,1200
1200,Blocks/QuickSend,Default,light,color-contrast,color-contrast,1200,1200
1200,Blocks/QuickSend,Default,dark,,color-contrast,1200,1200
1200,Blocks/RecentTransactions,Default,light,color-contrast,,1200,1200
1200,Blocks/RecentTransactions,Default,dark,color-contrast,,1200,1200
1200,Blocks/SearchableTable,With Search,light,empty-table-header,,1200,1200
1200,Blocks/SearchableTable,With Search,dark,empty-table-header,,1200,1200
1200,Blocks/SearchableTable,With Title,light,empty-table-header,,1200,1200
1200,Blocks/SearchableTable,With Title,dark,empty-table-header,,1200,1200
1200,Blocks/Table,Default,light,button-name; color-contrast; empty-table-header; label,,1200,1200
1200,Blocks/Table,Default,dark,button-name; empty-table-header; label,,1200,1200
1200,Quality/Interaction contracts,Slider Keyboard,light,,,1200,1200
1200,Quality/Interaction contracts,Slider Keyboard,dark,,,1200,1200
1200,Quality/Interaction contracts,Range Keyboard,light,,,1200,1200
1200,Quality/Interaction contracts,Range Keyboard,dark,,,1200,1200
1200,Quality/Interaction contracts,Range With Step,light,,,1200,1200
1200,Quality/Interaction contracts,Range With Step,dark,,,1200,1200
1200,Quality/Interaction contracts,Keyboard Sorting,light,,,1200,1200
1200,Quality/Interaction contracts,Keyboard Sorting,dark,,,1200,1200
1200,Quality/Interaction contracts,Default Tabs,light,,,1200,1200
1200,Quality/Interaction contracts,Default Tabs,dark,,,1200,1200
1200,Quality/Interaction contracts,Calendar Keyboard,light,,,1200,1200
1200,Quality/Interaction contracts,Calendar Keyboard,dark,,,1200,1200
1200,Quality/Interaction contracts,Controlled Range Reset,light,,,1200,1200
1200,Quality/Interaction contracts,Controlled Range Reset,dark,,,1200,1200
1200,Quality/Interaction contracts,Tooltip Trigger,light,,,1200,1200
1200,Quality/Interaction contracts,Tooltip Trigger,dark,,,1200,1200
1200,Quality/Interaction contracts,Tooltip Actions,light,,,1200,1200
1200,Quality/Interaction contracts,Tooltip Actions,dark,,,1200,1200
1200,Quality/Interaction contracts,Upload Selection,light,,,1200,1200
1200,Quality/Interaction contracts,Upload Selection,dark,,,1200,1200
1200,Quality/Interaction contracts,Select Tab Dismissal,light,,aria-valid-attr-value,1200,1200
1200,Quality/Interaction contracts,Select Tab Dismissal,dark,,aria-valid-attr-value,1200,1200
1200,Quality/Interaction contracts,Theme And Narrow Layouts,light,,,1200,1200
1200,Quality/Interaction contracts,Theme And Narrow Layouts,dark,,,1200,1200
1200,Components/Accordion,Default,light,landmark-unique,,1200,1200
1200,Components/Accordion,Default,dark,landmark-unique,,1200,1200
1200,Components/Accordion,Nested,light,landmark-unique,,1200,1200
1200,Components/Accordion,Nested,dark,landmark-unique,,1200,1200
1200,Components/Accordion,With Icons,light,landmark-unique,,1200,1200
1200,Components/Accordion,With Icons,dark,landmark-unique,,1200,1200
1200,Components/Accordion,With Numbers,light,,,1200,1200
1200,Components/Accordion,With Numbers,dark,color-contrast,,1200,1200
1200,Components/Accordion,With Logo,light,landmark-unique,,1200,1200
1200,Components/Accordion,With Logo,dark,landmark-unique,,1200,1200
1200,Components/Accordion,With Badge,light,,color-contrast,1200,1200
1200,Components/Accordion,With Badge,dark,color-contrast,color-contrast,1200,1200
1200,Components/Accordion,Multiple,light,,,1200,1200
1200,Components/Accordion,Multiple,dark,,,1200,1200
1200,Components/Accordion,Nested With Icons,light,landmark-unique,color-contrast,1200,1200
1200,Components/Accordion,Nested With Icons,dark,landmark-unique,color-contrast,1200,1200
1200,Elements/ActivityFeed,Single Item,light,color-contrast,,1200,1200
1200,Elements/ActivityFeed,Single Item,dark,,,1200,1200
1200,Elements/ActivityFeed,With File Content,light,color-contrast,color-contrast,1200,1200
1200,Elements/ActivityFeed,With File Content,dark,,,1200,1200
1200,Elements/ActivityFeed,With Comment Content,light,color-contrast,,1200,1200
1200,Elements/ActivityFeed,With Comment Content,dark,,,1200,1200
1200,Elements/ActivityFeed,With CTA Content,light,color-contrast,,1200,1200
1200,Elements/ActivityFeed,With CTA Content,dark,color-contrast,,1200,1200
1200,Elements/ActivityFeed,Unread State,light,color-contrast,,1200,1200
1200,Elements/ActivityFeed,Unread State,dark,,,1200,1200
1200,Elements/ActivityFeed,With Badge,light,color-contrast,color-contrast,1200,1200
1200,Elements/ActivityFeed,With Badge,dark,color-contrast,,1200,1200
1200,Elements/ActivityFeed,Timeline,light,color-contrast,color-contrast,1200,1200
1200,Elements/ActivityFeed,Timeline,dark,color-contrast,,1200,1200
1200,Elements/ActivityFeed,Content Styles,light,color-contrast,,1200,1200
1200,Elements/ActivityFeed,Content Styles,dark,,,1200,1200
1200,Components/Alert,Toast Information,light,,,1200,1200
1200,Components/Alert,Toast Information,dark,,,1200,1200
1200,Components/Alert,All Toasts,light,,,1200,1200
1200,Components/Alert,All Toasts,dark,,,1200,1200
1200,Components/Alert,All Banners,light,,,1200,1200
1200,Components/Alert,All Banners,dark,color-contrast,,1200,1200
1200,Components/Avatar,Default,light,,,1200,1200
1200,Components/Avatar,Default,dark,,,1200,1200
1200,Components/Avatar,Image Sizes,light,,,1200,1200
1200,Components/Avatar,Image Sizes,dark,,,1200,1200
1200,Components/Avatar,Icon Sizes,light,,,1200,1200
1200,Components/Avatar,Icon Sizes,dark,,,1200,1200
1200,Components/Avatar,Initials Sizes,light,,,1200,1200
1200,Components/Avatar,Initials Sizes,dark,,,1200,1200
1200,Components/Avatar,Status Indicators,light,,,1200,1200
1200,Components/Avatar,Status Indicators,dark,,,1200,1200
1200,Components/Avatar,Custom Icon,light,,,1200,1200
1200,Components/Avatar,Custom Icon,dark,,,1200,1200
1200,Components/Avatar,Group,light,,,1200,1200
1200,Components/Avatar,Group,dark,,,1200,1200
1200,Components/Badge,Default,light,color-contrast,,1200,1200
1200,Components/Badge,Default,dark,color-contrast,,1200,1200
1200,Components/Badge,Filled Colors,light,color-contrast,,1200,1200
1200,Components/Badge,Filled Colors,dark,color-contrast,,1200,1200
1200,Components/Badge,Accent Colors,light,color-contrast,,1200,1200
1200,Components/Badge,Accent Colors,dark,color-contrast,,1200,1200
1200,Components/Badge,Outline Colors,light,color-contrast,,1200,1200
1200,Components/Badge,Outline Colors,dark,,,1200,1200
1200,Components/Badge,Sizes,light,color-contrast,,1200,1200
1200,Components/Badge,Sizes,dark,color-contrast,,1200,1200
1200,Components/Badge,With Icons,light,color-contrast,,1200,1200
1200,Components/Badge,With Icons,dark,color-contrast,,1200,1200
1200,Components/Banner,Default,light,,,1200,1200
1200,Components/Banner,Default,dark,color-contrast,,1200,1200
1200,Components/Banner,Bold,light,color-contrast,,1200,1200
1200,Components/Banner,Bold,dark,color-contrast,,1200,1200
1200,Components/Banner,Small,light,,,1200,1200
1200,Components/Banner,Small,dark,color-contrast,,1200,1200
1200,Components/Banner,All Subtle,light,,,1200,1200
1200,Components/Banner,All Subtle,dark,color-contrast,,1200,1200
1200,Components/Banner,All Bold,light,color-contrast,,1200,1200
1200,Components/Banner,All Bold,dark,color-contrast,,1200,1200
1200,Components/Banner,Small Variants,light,color-contrast,,1200,1200
1200,Components/Banner,Small Variants,dark,color-contrast,,1200,1200
1200,Components/Banner,No Dismiss,light,,,1200,1200
1200,Components/Banner,No Dismiss,dark,color-contrast,,1200,1200
1200,Components/Button,Primary,light,,,1200,1200
1200,Components/Button,Primary,dark,,,1200,1200
1200,Components/Button,Secondary,light,,,1200,1200
1200,Components/Button,Secondary,dark,,,1200,1200
1200,Components/Button,Grey,light,,,1200,1200
1200,Components/Button,Grey,dark,,,1200,1200
1200,Components/Button,Grey Outlined,light,,,1200,1200
1200,Components/Button,Grey Outlined,dark,,,1200,1200
1200,Components/Button,Destructive,light,,,1200,1200
1200,Components/Button,Destructive,dark,,,1200,1200
1200,Components/Button,Destructive Outlined,light,,,1200,1200
1200,Components/Button,Destructive Outlined,dark,,,1200,1200
1200,Components/Button,Text,light,,,1200,1200
1200,Components/Button,Text,dark,,,1200,1200
1200,Components/Button,Large,light,,,1200,1200
1200,Components/Button,Large,dark,,,1200,1200
1200,Components/Button,With Leading Icon,light,,,1200,1200
1200,Components/Button,With Leading Icon,dark,,,1200,1200
1200,Components/Button,With Trailing Icon,light,,,1200,1200
1200,Components/Button,With Trailing Icon,dark,,,1200,1200
1200,Components/Button,Icon Only,light,,,1200,1200
1200,Components/Button,Icon Only,dark,,,1200,1200
1200,Components/Button,Disabled,light,,,1200,1200
1200,Components/Button,Disabled,dark,,,1200,1200
1200,Components/Button,All Variants,light,,,1200,1200
1200,Components/Button,All Variants,dark,,,1200,1200
1200,Components/Button,Readable Action Colors,light,,,1200,1200
1200,Components/Button,Readable Action Colors,dark,,,1200,1200
1200,Components/ButtonGroup,Default,light,,,1200,1200
1200,Components/ButtonGroup,Default,dark,,,1200,1200
1200,Components/ButtonGroup,With Icons,light,,,1200,1200
1200,Components/ButtonGroup,With Icons,dark,,,1200,1200
1200,Components/ButtonGroup,With Active Item,light,color-contrast,,1200,1200
1200,Components/ButtonGroup,With Active Item,dark,color-contrast,,1200,1200
1200,Components/ButtonGroup,With Disabled Items,light,,,1200,1200
1200,Components/ButtonGroup,With Disabled Items,dark,,,1200,1200
1200,Components/ButtonGroup,Four Items,light,color-contrast,,1200,1200
1200,Components/ButtonGroup,Four Items,dark,color-contrast,,1200,1200
1200,Components/Card,Default,light,,,1200,1200
1200,Components/Card,Default,dark,,,1200,1200
1200,Components/Card,Variants,light,,,1200,1200
1200,Components/Card,Variants,dark,,,1200,1200
1200,Components/Card,Sizes,light,,,1200,1200
1200,Components/Card,Sizes,dark,,,1200,1200
1200,Components/Card,With Image,light,,,1200,1200
1200,Components/Card,With Image,dark,,,1200,1200
1200,Components/Card,Image Positions,light,,,1200,1200
1200,Components/Card,Image Positions,dark,,,1200,1200
1200,Components/Card,Header With Actions,light,button-name; color-contrast,,1200,1200
1200,Components/Card,Header With Actions,dark,button-name; color-contrast,,1200,1200
1200,Components/Card,Footer Alignments,light,,,1200,1200
1200,Components/Card,Footer Alignments,dark,,,1200,1200
1200,Components/Card,Hoverable,light,,,1200,1200
1200,Components/Card,Hoverable,dark,,,1200,1200
1200,Components/Card,Product Card,light,color-contrast,,1200,1200
1200,Components/Card,Product Card,dark,color-contrast,,1200,1200
1200,Components/Card,User Profile Card,light,button-name,,1200,1200
1200,Components/Card,User Profile Card,dark,button-name,,1200,1200
1200,Components/Card,Article Card,light,,,1200,1200
1200,Components/Card,Article Card,dark,,,1200,1200
1200,Components/Card,Nested Cards,light,,,1200,1200
1200,Components/Card,Nested Cards,dark,,,1200,1200
1200,Components/Chart,Line Chart,light,role-img-alt,,1200,1200
1200,Components/Chart,Line Chart,dark,role-img-alt,,1200,1200
1200,Components/Chart,Bar Chart,light,role-img-alt,,1200,1200
1200,Components/Chart,Bar Chart,dark,role-img-alt,,1200,1200
1200,Components/Chart,Pie Chart,light,role-img-alt,,1200,1200
1200,Components/Chart,Pie Chart,dark,role-img-alt,,1200,1200
1200,Components/Chart,Doughnut Chart,light,role-img-alt,,1200,1200
1200,Components/Chart,Doughnut Chart,dark,role-img-alt,,1200,1200
1200,Components/Chart,Radar Chart,light,role-img-alt,,1200,1200
1200,Components/Chart,Radar Chart,dark,role-img-alt,,1200,1200
1200,Components/Chart,Scatter Chart,light,role-img-alt,,1200,1200
1200,Components/Chart,Scatter Chart,dark,role-img-alt,,1200,1200
1200,Components/Chart,Polar Area Chart,light,role-img-alt,,1200,1200
1200,Components/Chart,Polar Area Chart,dark,role-img-alt,,1200,1200
1200,Components/Chart,Stacked Bar,light,role-img-alt,,1200,1200
1200,Components/Chart,Stacked Bar,dark,role-img-alt,,1200,1200
1200,Components/Chart,Horizontal Bar,light,role-img-alt,,1200,1200
1200,Components/Chart,Horizontal Bar,dark,role-img-alt,,1200,1200
1200,Components/Chip,Input Chip,light,,,1200,1200
1200,Components/Chip,Input Chip,dark,,,1200,1200
1200,Components/Chip,Filter Chip,light,,,1200,1200
1200,Components/Chip,Filter Chip,dark,,,1200,1200
1200,Components/Chip,Disabled,light,color-contrast,,1200,1200
1200,Components/Chip,Disabled,dark,color-contrast,,1200,1200
1200,Components/Counter,Default,light,,,1200,1200
1200,Components/Counter,Default,dark,,,1200,1200
1200,Components/Counter,All Sizes,light,,,1200,1200
1200,Components/Counter,All Sizes,dark,,,1200,1200
1200,Components/Counter,All Shapes,light,,,1200,1200
1200,Components/Counter,All Shapes,dark,,,1200,1200
1200,Components/Counter,Interactive,light,,,1200,1200
1200,Components/Counter,Interactive,dark,,,1200,1200
1200,Components/Counter,With Min Max,light,,,1200,1200
1200,Components/Counter,With Min Max,dark,,,1200,1200
1200,Components/Counter,Number Counters,light,color-contrast,,1200,1200
1200,Components/Counter,Number Counters,dark,color-contrast,,1200,1200
1200,Components/DatePicker,Default,light,,,1200,1200
1200,Components/DatePicker,Default,dark,,,1200,1200
1200,Components/DatePicker,With Footer,light,,,1200,1200
1200,Components/DatePicker,With Footer,dark,,,1200,1200
1200,Components/DatePicker,Date Range,light,,,1200,1200
1200,Components/DatePicker,Date Range,dark,,,1200,1200
1200,Components/DatePicker,Year Picker,light,,,1200,1200
1200,Components/DatePicker,Year Picker,dark,,,1200,1200
1200,Components/DatePicker,Interactive,light,,,1200,1200
1200,Components/DatePicker,Interactive,dark,,,1200,1200
1200,Components/DatePicker,Interactive Range,light,,,1200,1200
1200,Components/DatePicker,Interactive Range,dark,,,1200,1200
1200,Components/DatePicker,With Min Max,light,,,1200,1200
1200,Components/DatePicker,With Min Max,dark,,,1200,1200
1200,Components/Breadcrumb,Default,light,color-contrast,,1200,1200
1200,Components/Breadcrumb,Default,dark,,,1200,1200
1200,Components/Breadcrumb,With Icons,light,color-contrast,,1200,1200
1200,Components/Breadcrumb,With Icons,dark,,,1200,1200
1200,Components/Breadcrumb,With Borders,light,color-contrast,,1200,1200
1200,Components/Breadcrumb,With Borders,dark,,,1200,1200
1200,Components/Breadcrumb,Double Chevron,light,color-contrast,,1200,1200
1200,Components/Breadcrumb,Double Chevron,dark,,,1200,1200
1200,Components/Breadcrumb,Slash,light,color-contrast,,1200,1200
1200,Components/Breadcrumb,Slash,dark,,,1200,1200
1200,Components/Breadcrumb,With Truncation,light,color-contrast,,1200,1200
1200,Components/Breadcrumb,With Truncation,dark,,,1200,1200
1200,Components/Breadcrumb,With Disabled,light,color-contrast,,1200,1200
1200,Components/Breadcrumb,With Disabled,dark,color-contrast,,1200,1200
1200,Components/Breadcrumb,All Separators,light,color-contrast; landmark-unique,,1200,1200
1200,Components/Breadcrumb,All Separators,dark,landmark-unique,,1200,1200
1200,Components/DropdownMenu,Default,light,,,1200,1200
1200,Components/DropdownMenu,Default,dark,color-contrast,,1200,1200
1200,Components/DropdownMenu,With Section Headers,light,,,1200,1200
1200,Components/DropdownMenu,With Section Headers,dark,color-contrast,,1200,1200
1200,Components/DropdownMenu,With Selection,light,,,1200,1200
1200,Components/DropdownMenu,With Selection,dark,color-contrast,,1200,1200
1200,Components/DropdownMenu,Avatar Trigger,light,,,1200,1200
1200,Components/DropdownMenu,Avatar Trigger,dark,,,1200,1200
1200,Components/DropdownMenu,Icon Only Trigger,light,button-name,,1200,1200
1200,Components/DropdownMenu,Icon Only Trigger,dark,button-name,,1200,1200
1200,Components/DropdownMenu,Disabled,light,,,1200,1200
1200,Components/DropdownMenu,Disabled,dark,,,1200,1200
1200,Components/DropdownMenu,Align Start,light,,,1200,1200
1200,Components/DropdownMenu,Align Start,dark,color-contrast,,1200,1200
1200,Components/Divider,Default,light,,,1200,1200
1200,Components/Divider,Default,dark,,,1200,1200
1200,Components/Divider,With Icon,light,,,1200,1200
1200,Components/Divider,With Icon,dark,,,1200,1200
1200,Components/Divider,With Label,light,color-contrast,,1200,1200
1200,Components/Divider,With Label,dark,,,1200,1200
1200,Components/Divider,With Title,light,,,1200,1200
1200,Components/Divider,With Title,dark,,,1200,1200
1200,Components/Divider,With Button,light,,,1200,1200
1200,Components/Divider,With Button,dark,,,1200,1200
1200,Components/Divider,With Title And Button,light,,,1200,1200
1200,Components/Divider,With Title And Button,dark,,,1200,1200
1200,Components/Divider,All Variants,light,color-contrast,,1200,1200
1200,Components/Divider,All Variants,dark,,,1200,1200
1200,Components/EmptyStateIllustration,All Colored,light,,,1200,1200
1200,Components/EmptyStateIllustration,All Colored,dark,,,1200,1200
1200,Components/EmptyStateIllustration,All Grey,light,,,1200,1200
1200,Components/EmptyStateIllustration,All Grey,dark,,,1200,1200
1200,Components/EmptyStateIllustration,Colored Vs Grey,light,,,1200,1200
1200,Components/EmptyStateIllustration,Colored Vs Grey,dark,,,1200,1200
1200,Components/EmptyStateIllustration,Custom Palette,light,,,1200,1200
1200,Components/EmptyStateIllustration,Custom Palette,dark,,,1200,1200
1200,Components/EmptyStateIllustration,Sizes,light,,,1200,1200
1200,Components/EmptyStateIllustration,Sizes,dark,,,1200,1200
1200,Components/FormControl,Checkboxes,light,,,1200,1200
1200,Components/FormControl,Checkboxes,dark,,,1200,1200
1200,Components/FormControl,Radios,light,,,1200,1200
1200,Components/FormControl,Radios,dark,,,1200,1200
1200,Components/FormControl,Toggles,light,,,1200,1200
1200,Components/FormControl,Toggles,dark,,,1200,1200
1200,Components/Icon,Default,light,,,1200,1200
1200,Components/Icon,Default,dark,,,1200,1200
1200,Components/Icon,Sizes,light,,,1200,1200
1200,Components/Icon,Sizes,dark,,,1200,1200
1200,Components/Icon,Variants,light,,,1200,1200
1200,Components/Icon,Variants,dark,,,1200,1200
1200,Components/Icon,Colors,light,,,1200,1200
1200,Components/Icon,Colors,dark,,,1200,1200
1200,Components/Icon,Gallery,light,,,1200,1200
1200,Components/Icon,Gallery,dark,,,1200,1200
1200,Components/Input,Default,light,,,1200,1200
1200,Components/Input,Default,dark,,,1200,1200
1200,Components/Input,Extra Small,light,,,1200,1200
1200,Components/Input,Extra Small,dark,,,1200,1200
1200,Components/Input,Medium,light,,,1200,1200
1200,Components/Input,Medium,dark,,,1200,1200
1200,Components/Input,Large,light,,,1200,1200
1200,Components/Input,Large,dark,,,1200,1200
1200,Components/Input,With Success,light,,,1200,1200
1200,Components/Input,With Success,dark,,,1200,1200
1200,Components/Input,With Error,light,,,1200,1200
1200,Components/Input,With Error,dark,,,1200,1200
1200,Components/Input,Read Only,light,,,1200,1200
1200,Components/Input,Read Only,dark,,,1200,1200
1200,Components/Input,All Sizes,light,,,1200,1200
1200,Components/Input,All Sizes,dark,,,1200,1200
1200,Components/Input,All States,light,,,1200,1200
1200,Components/Input,All States,dark,,,1200,1200
1200,Components/Input,With Leading Addon,light,,,1200,1200
1200,Components/Input,With Leading Addon,dark,,,1200,1200
1200,Components/Input,With Trailing Addon,light,color-contrast,,1200,1200
1200,Components/Input,With Trailing Addon,dark,,,1200,1200
1200,Components/Input,With Both Addons,light,,,1200,1200
1200,Components/Input,With Both Addons,dark,,,1200,1200
1200,Elements/MetricsCard,Variation 1 Data Cta,light,,,1200,1200
1200,Elements/MetricsCard,Variation 1 Data Cta,dark,,,1200,1200
1200,Elements/MetricsCard,Variation 1 Data Only,light,,,1200,1200
1200,Elements/MetricsCard,Variation 1 Data Only,dark,,,1200,1200
1200,Elements/MetricsCard,Variation 2 Data Cta,light,color-contrast,,1200,1200
1200,Elements/MetricsCard,Variation 2 Data Cta,dark,,,1200,1200
1200,Elements/MetricsCard,Variation 2 Data Only,light,color-contrast,,1200,1200
1200,Elements/MetricsCard,Variation 2 Data Only,dark,,,1200,1200
1200,Elements/MetricsCard,Variation 3 Data Cta,light,color-contrast,,1200,1200
1200,Elements/MetricsCard,Variation 3 Data Cta,dark,,,1200,1200
1200,Elements/MetricsCard,Variation 3 Data Only,light,color-contrast,,1200,1200
1200,Elements/MetricsCard,Variation 3 Data Only,dark,,,1200,1200
1200,Elements/MetricsCard,Variation 4 Data Cta,light,color-contrast,,1200,1200
1200,Elements/MetricsCard,Variation 4 Data Cta,dark,,,1200,1200
1200,Elements/MetricsCard,Variation 4 Data Only,light,color-contrast,,1200,1200
1200,Elements/MetricsCard,Variation 4 Data Only,dark,,,1200,1200
1200,Elements/MetricsCard,Variation 5 Data Cta,light,,,1200,1200
1200,Elements/MetricsCard,Variation 5 Data Cta,dark,,,1200,1200
1200,Elements/MetricsCard,Variation 5 Data Only,light,,,1200,1200
1200,Elements/MetricsCard,Variation 5 Data Only,dark,,,1200,1200
1200,Elements/MetricsCard,Variation 6 Data Cta,light,color-contrast,,1200,1200
1200,Elements/MetricsCard,Variation 6 Data Cta,dark,,,1200,1200
1200,Elements/MetricsCard,Variation 6 Data Only,light,,,1200,1200
1200,Elements/MetricsCard,Variation 6 Data Only,dark,,,1200,1200
1200,Elements/MetricsCard,All Variations,light,color-contrast,,1200,1200
1200,Elements/MetricsCard,All Variations,dark,,,1200,1200
1200,Elements/FileUpload/DropZone,Default,light,,,1200,1200
1200,Elements/FileUpload/DropZone,Default,dark,,,1200,1200
1200,Elements/FileUpload/DropZone,Uploading,light,aria-progressbar-name,aria-prohibited-attr,1200,1200
1200,Elements/FileUpload/DropZone,Uploading,dark,aria-progressbar-name,aria-prohibited-attr,1200,1200
1200,Elements/FileUpload/DropZone,Success,light,color-contrast,,1200,1200
1200,Elements/FileUpload/DropZone,Success,dark,,,1200,1200
1200,Elements/FileUpload/DropZone,Error,light,color-contrast,,1200,1200
1200,Elements/FileUpload/DropZone,Error,dark,,,1200,1200
1200,Elements/FileUpload/DropZone,File Item States,light,aria-progressbar-name; color-contrast,color-contrast,1200,1200
1200,Elements/FileUpload/DropZone,File Item States,dark,aria-progressbar-name,color-contrast,1200,1200
1200,Elements/FileUpload/DropZone,Single File Upload,light,,,1200,1200
1200,Elements/FileUpload/DropZone,Single File Upload,dark,,,1200,1200
1200,Elements/FileUpload/DropZone,Multiple File Upload,light,,color-contrast,1200,1200
1200,Elements/FileUpload/DropZone,Multiple File Upload,dark,,color-contrast,1200,1200
1200,Elements/Modal,Default,light,color-contrast,,1200,1200
1200,Elements/Modal,Default,dark,color-contrast,,1200,1200
1200,Elements/Modal,Vertical Footer,light,color-contrast,,1200,1200
1200,Elements/Modal,Vertical Footer,dark,color-contrast,,1200,1200
1200,Elements/Modal,Large Modal,light,color-contrast,,1200,1200
1200,Elements/Modal,Large Modal,dark,color-contrast,,1200,1200
1200,Elements/Modal,Primary Only,light,color-contrast,,1200,1200
1200,Elements/Modal,Primary Only,dark,color-contrast,,1200,1200
1200,Elements/Modal,No Blur,light,color-contrast,,1200,1200
1200,Elements/Modal,No Blur,dark,color-contrast,,1200,1200
1200,Elements/Modal,Custom Icon,light,color-contrast,,1200,1200
1200,Elements/Modal,Custom Icon,dark,color-contrast,,1200,1200
1200,Elements/Modal,Focus Management,light,color-contrast,,1200,1200
1200,Elements/Modal,Focus Management,dark,color-contrast,,1200,1200
1200,Elements/Modal,Dismissal Policy,light,,,1200,1200
1200,Elements/Modal,Dismissal Policy,dark,,,1200,1200
1200,Components/ProgressBar,Default,light,aria-progressbar-name,,1200,1200
1200,Components/ProgressBar,Default,dark,aria-progressbar-name,,1200,1200
1200,Components/ProgressBar,Small,light,aria-progressbar-name,,1200,1200
1200,Components/ProgressBar,Small,dark,aria-progressbar-name,,1200,1200
1200,Components/ProgressBar,Medium,light,aria-progressbar-name,,1200,1200
1200,Components/ProgressBar,Medium,dark,aria-progressbar-name,,1200,1200
1200,Components/ProgressBar,With Metadata,light,aria-progressbar-name,,1200,1200
1200,Components/ProgressBar,With Metadata,dark,aria-progressbar-name,,1200,1200
1200,Components/ProgressBar,Percentage On Top,light,aria-progressbar-name,,1200,1200
1200,Components/ProgressBar,Percentage On Top,dark,aria-progressbar-name,,1200,1200
1200,Components/ProgressBar,Segmented,light,aria-progressbar-name,,1200,1200
1200,Components/ProgressBar,Segmented,dark,aria-progressbar-name,,1200,1200
1200,Components/ProgressBar,All Sizes,light,aria-progressbar-name,,1200,1200
1200,Components/ProgressBar,All Sizes,dark,aria-progressbar-name,,1200,1200
1200,Components/ProgressBar,All Types,light,aria-progressbar-name,,1200,1200
1200,Components/ProgressBar,All Types,dark,aria-progressbar-name,,1200,1200
1200,Components/ProgressBar,All Stages,light,aria-progressbar-name,,1200,1200
1200,Components/ProgressBar,All Stages,dark,aria-progressbar-name,,1200,1200
1200,Components/ProgressBar,Segmented Stages,light,aria-progressbar-name,,1200,1200
1200,Components/ProgressBar,Segmented Stages,dark,aria-progressbar-name,,1200,1200
1200,Components/Pagination,Default,light,,,1200,1200
1200,Components/Pagination,Default,dark,,,1200,1200
1200,Components/Pagination,No Prev Next,light,,,1200,1200
1200,Components/Pagination,No Prev Next,dark,,,1200,1200
1200,Components/Pagination,Few Pages,light,,,1200,1200
1200,Components/Pagination,Few Pages,dark,,,1200,1200
1200,Components/Slider,Default,light,,,1200,1200
1200,Components/Slider,Default,dark,,,1200,1200
1200,Components/Slider,Small,light,,,1200,1200
1200,Components/Slider,Small,dark,,,1200,1200
1200,Components/Slider,Medium,light,,,1200,1200
1200,Components/Slider,Medium,dark,,,1200,1200
1200,Components/Slider,All Sizes,light,,,1200,1200
1200,Components/Slider,All Sizes,dark,,,1200,1200
1200,Components/Slider,All Stages,light,,,1200,1200
1200,Components/Slider,All Stages,dark,,,1200,1200
1200,Components/Slider,Interactive,light,,,1200,1200
1200,Components/Slider,Interactive,dark,,,1200,1200
1200,Components/Slider,Range,light,,,1200,1200
1200,Components/Slider,Range,dark,,,1200,1200
1200,Components/Slider,Interactive Range,light,,,1200,1200
1200,Components/Slider,Interactive Range,dark,,,1200,1200
1200,Components/Select,Default,light,,aria-valid-attr-value,1200,1200
1200,Components/Select,Default,dark,,aria-valid-attr-value,1200,1200
1200,Components/Select,With Descriptions,light,,aria-valid-attr-value,1200,1200
1200,Components/Select,With Descriptions,dark,,aria-valid-attr-value,1200,1200
1200,Components/Select,With Icons,light,,aria-valid-attr-value,1200,1200
1200,Components/Select,With Icons,dark,,aria-valid-attr-value,1200,1200
1200,Components/Select,With Avatars,light,,aria-valid-attr-value,1200,1200
1200,Components/Select,With Avatars,dark,,aria-valid-attr-value,1200,1200
1200,Components/Select,With Status,light,,aria-valid-attr-value,1200,1200
1200,Components/Select,With Status,dark,,aria-valid-attr-value,1200,1200
1200,Components/Select,With Helper Text,light,,aria-valid-attr-value,1200,1200
1200,Components/Select,With Helper Text,dark,,aria-valid-attr-value,1200,1200
1200,Components/Select,Filled,light,,aria-valid-attr-value,1200,1200
1200,Components/Select,Filled,dark,,aria-valid-attr-value,1200,1200
1200,Components/Select,Disabled,light,,aria-valid-attr-value,1200,1200
1200,Components/Select,Disabled,dark,,aria-valid-attr-value,1200,1200
1200,Components/Select,With Disabled Options,light,,aria-valid-attr-value,1200,1200
1200,Components/Select,With Disabled Options,dark,,aria-valid-attr-value,1200,1200
1200,Components/Select,Controlled,light,,aria-valid-attr-value,1200,1200
1200,Components/Select,Controlled,dark,,aria-valid-attr-value,1200,1200
1200,Elements/SidebarMenu,Default,light,button-name; color-contrast,,1200,1200
1200,Elements/SidebarMenu,Default,dark,button-name,,1200,1200
1200,Elements/SidebarMenu,With Sub Items,light,color-contrast,,1200,1200
1200,Elements/SidebarMenu,With Sub Items,dark,,,1200,1200
1200,Elements/SidebarMenu,Collapsed,light,,,1200,1200
1200,Elements/SidebarMenu,Collapsed,dark,,,1200,1200
1200,Elements/SidebarMenu,All Themes,light,button-name; color-contrast; landmark-unique,,1200,1200
1200,Elements/SidebarMenu,All Themes,dark,button-name; color-contrast; landmark-unique,,1200,1200
1200,Elements/SidebarMenu,Collapsible Toggle,light,button-name; color-contrast,,1200,1200
1200,Elements/SidebarMenu,Collapsible Toggle,dark,button-name; color-contrast,,1200,1200
1200,Components/ProgressCircle,Default,light,aria-progressbar-name,color-contrast,1200,1200
1200,Components/ProgressCircle,Default,dark,aria-progressbar-name,color-contrast,1200,1200
1200,Components/ProgressCircle,Segmented,light,aria-progressbar-name,color-contrast,1200,1200
1200,Components/ProgressCircle,Segmented,dark,aria-progressbar-name,color-contrast,1200,1200
1200,Components/ProgressCircle,All Sizes,light,aria-progressbar-name,color-contrast,1200,1200
1200,Components/ProgressCircle,All Sizes,dark,aria-progressbar-name,color-contrast,1200,1200
1200,Components/ProgressCircle,Segmented All Sizes,light,aria-progressbar-name,color-contrast,1200,1200
1200,Components/ProgressCircle,Segmented All Sizes,dark,aria-progressbar-name,color-contrast,1200,1200
1200,Components/ProgressCircle,Progress Steps,light,aria-progressbar-name,color-contrast,1200,1200
1200,Components/ProgressCircle,Progress Steps,dark,aria-progressbar-name,color-contrast,1200,1200
1200,Components/ProgressCircle,Segmented Steps,light,aria-progressbar-name,color-contrast,1200,1200
1200,Components/ProgressCircle,Segmented Steps,dark,aria-progressbar-name,color-contrast,1200,1200
1200,Components/ProgressCircle,No Text,light,aria-progressbar-name,,1200,1200
1200,Components/ProgressCircle,No Text,dark,aria-progressbar-name,,1200,1200
1200,Components/Spinner,Default,light,,,1200,1200
1200,Components/Spinner,Default,dark,,,1200,1200
1200,Components/Spinner,All Types,light,,,1200,1200
1200,Components/Spinner,All Types,dark,,,1200,1200
1200,Components/Spinner,All Sizes,light,,,1200,1200
1200,Components/Spinner,All Sizes,dark,,,1200,1200
1200,Components/Spinner,Label Positions,light,,,1200,1200
1200,Components/Spinner,Label Positions,dark,,,1200,1200
1200,Components/Spinner,White Style,light,,,1200,1200
1200,Components/Spinner,White Style,dark,color-contrast,,1200,1200
1200,Components/Spinner,No Label,light,,,1200,1200
1200,Components/Spinner,No Label,dark,,,1200,1200
1200,Components/Spinner,All Types Large,light,,,1200,1200
1200,Components/Spinner,All Types Large,dark,,,1200,1200
1200,Components/Stepper,Horizontal,light,,,1200,1200
1200,Components/Stepper,Horizontal,dark,,,1200,1200
1200,Components/Stepper,Horizontal With Numbers,light,,color-contrast,1200,1200
1200,Components/Stepper,Horizontal With Numbers,dark,,color-contrast,1200,1200
1200,Components/Stepper,Vertical,light,,,1200,1200
1200,Components/Stepper,Vertical,dark,,,1200,1200
1200,Components/Stepper,Vertical With Numbers,light,,color-contrast,1200,1200
1200,Components/Stepper,Vertical With Numbers,dark,,color-contrast,1200,1200
1200,Components/Stepper,All Steps,light,,,1200,1200
1200,Components/Stepper,All Steps,dark,,,1200,1200
1200,Components/Stepper,Linear,light,color-contrast,,1200,1200
1200,Components/Stepper,Linear,dark,,,1200,1200
1200,Components/Stepper,Segmented,light,color-contrast,,1200,1200
1200,Components/Stepper,Segmented,dark,,,1200,1200
1200,Components/Stepper,With Disabled,light,color-contrast,color-contrast,1200,1200
1200,Components/Stepper,With Disabled,dark,color-contrast,color-contrast,1200,1200
1200,Components/Table,Default,light,,,1200,1200
1200,Components/Table,Default,dark,,,1200,1200
1200,Components/Table,With Selection,light,,,1200,1200
1200,Components/Table,With Selection,dark,,,1200,1200
1200,Components/Table,With Sorting,light,,,1200,1200
1200,Components/Table,With Sorting,dark,,,1200,1200
1200,Components/Table,With Leading Avatar,light,color-contrast,,1200,1200
1200,Components/Table,With Leading Avatar,dark,,,1200,1200
1200,Components/Table,Full Featured,light,empty-table-header,,1200,1200
1200,Components/Table,Full Featured,dark,empty-table-header,,1200,1200
1200,Components/Tooltip,Light,light,,,1200,1200
1200,Components/Tooltip,Light,dark,,,1200,1200
1200,Components/Tooltip,Dark,light,,,1200,1200
1200,Components/Tooltip,Dark,dark,,,1200,1200
1200,Components/Tooltip,Positions,light,,,1200,1200
1200,Components/Tooltip,Positions,dark,,,1200,1200
1200,Components/Tooltip,No Title,light,,,1200,1200
1200,Components/Tooltip,No Title,dark,,,1200,1200
1200,Components/Tabs,Line Tabs,light,,color-contrast,1200,1200
1200,Components/Tabs,Line Tabs,dark,,,1200,1200
1200,Components/Tabs,Pill Tabs,light,,color-contrast,1200,1200
1200,Components/Tabs,Pill Tabs,dark,,,1200,1200
1200,Components/Tabs,Segmented Tabs,light,,color-contrast,1200,1200
1200,Components/Tabs,Segmented Tabs,dark,,,1200,1200
1200,Components/Tabs,All Sizes,light,color-contrast,color-contrast,1200,1200
1200,Components/Tabs,All Sizes,dark,,,1200,1200
1200,Components/Tabs,Vertical Line,light,,color-contrast,1200,1200
1200,Components/Tabs,Vertical Line,dark,,,1200,1200
1200,Components/Tabs,Vertical Segmented,light,,color-contrast,1200,1200
1200,Components/Tabs,Vertical Segmented,dark,,,1200,1200
1200,Components/Tabs,With Disabled,light,,color-contrast,1200,1200
1200,Components/Tabs,With Disabled,dark,,,1200,1200
1200,Components/Tabs,Text Only,light,,,1200,1200
1200,Components/Tabs,Text Only,dark,,,1200,1200
1200,Components/Tabs,All Variants,light,color-contrast,color-contrast,1200,1200
1200,Components/Tabs,All Variants,dark,,,1200,1200
390,Blocks/EmptyState,No Tasks,light,,,390,390
390,Blocks/EmptyState,No Tasks,dark,color-contrast,,390,390
390,Blocks/EmptyState,No Results,light,,,390,390
390,Blocks/EmptyState,No Results,dark,color-contrast,,390,390
390,Blocks/EmptyState,Upload Photos,light,,color-contrast,390,390
390,Blocks/EmptyState,Upload Photos,dark,color-contrast,color-contrast,390,390
390,Blocks/Header,With Announcement,light,,,390,390
390,Blocks/Header,With Announcement,dark,,,390,390
390,Blocks/Header,Standard,light,,,390,390
390,Blocks/Header,Standard,dark,,,390,390
390,Blocks/Header,Pill Nav,light,,,390,390
390,Blocks/Header,Pill Nav,dark,,,390,390
390,Blocks/Header,Dark Pill Nav,light,,,390,390
390,Blocks/Header,Dark Pill Nav,dark,color-contrast,color-contrast,390,390
390,Blocks/Header,Rounded Buttons,light,,,390,390
390,Blocks/Header,Rounded Buttons,dark,,,390,390
390,Blocks/Header,With Language,light,,,390,390
390,Blocks/Header,With Language,dark,,,390,390
390,Blocks/Header,Centered Logo,light,,,390,390
390,Blocks/Header,Centered Logo,dark,,,390,390
390,Blocks/Header,Dark Background,light,,,390,390
390,Blocks/Header,Dark Background,dark,color-contrast,color-contrast,390,390
390,Blocks/Header,With Search,light,,,390,390
390,Blocks/Header,With Search,dark,,,390,390
390,Blocks/Header,With Switcher,light,,,390,390
390,Blocks/Header,With Switcher,dark,,,390,390
390,Blocks/Header,Double Row,light,,,390,390
390,Blocks/Header,Double Row,dark,,,390,390
390,Blocks/Login,Standard,light,aria-hidden-focus; color-contrast,,390,390
390,Blocks/Login,Standard,dark,aria-hidden-focus,,390,390
390,Blocks/Login,Card,light,aria-hidden-focus; color-contrast,,390,390
390,Blocks/Login,Card,dark,aria-hidden-focus,,390,390
390,Blocks/Login,Work Email,light,aria-hidden-focus,,390,390
390,Blocks/Login,Work Email,dark,aria-hidden-focus; color-contrast,,390,390
390,Blocks/Notifications,Default,light,color-contrast,color-contrast,390,460
390,Blocks/Notifications,Default,dark,color-contrast,,390,460
390,Blocks/QuickSend,Default,light,color-contrast,color-contrast,390,695
390,Blocks/QuickSend,Default,dark,,color-contrast,390,695
390,Blocks/RecentTransactions,Default,light,color-contrast,,390,390
390,Blocks/RecentTransactions,Default,dark,color-contrast,,390,390
390,Blocks/SearchableTable,With Search,light,empty-table-header,,390,505
390,Blocks/SearchableTable,With Search,dark,empty-table-header,,390,505
390,Blocks/SearchableTable,With Title,light,empty-table-header,,390,390
390,Blocks/SearchableTable,With Title,dark,empty-table-header,,390,390
390,Blocks/Table,Default,light,button-name; color-contrast; empty-table-header; label,,390,390
390,Blocks/Table,Default,dark,button-name; empty-table-header; label,,390,390
390,Quality/Interaction contracts,Slider Keyboard,light,,,390,390
390,Quality/Interaction contracts,Slider Keyboard,dark,,,390,390
390,Quality/Interaction contracts,Range Keyboard,light,,,390,390
390,Quality/Interaction contracts,Range Keyboard,dark,,,390,390
390,Quality/Interaction contracts,Range With Step,light,,,390,390
390,Quality/Interaction contracts,Range With Step,dark,,,390,390
390,Quality/Interaction contracts,Keyboard Sorting,light,,,390,390
390,Quality/Interaction contracts,Keyboard Sorting,dark,,,390,390
390,Quality/Interaction contracts,Default Tabs,light,,,390,390
390,Quality/Interaction contracts,Default Tabs,dark,,,390,390
390,Quality/Interaction contracts,Calendar Keyboard,light,,,390,390
390,Quality/Interaction contracts,Calendar Keyboard,dark,,,390,390
390,Quality/Interaction contracts,Controlled Range Reset,light,,,390,390
390,Quality/Interaction contracts,Controlled Range Reset,dark,,,390,390
390,Quality/Interaction contracts,Tooltip Trigger,light,,,390,390
390,Quality/Interaction contracts,Tooltip Trigger,dark,,,390,390
390,Quality/Interaction contracts,Tooltip Actions,light,,,390,390
390,Quality/Interaction contracts,Tooltip Actions,dark,,,390,390
390,Quality/Interaction contracts,Upload Selection,light,,,390,390
390,Quality/Interaction contracts,Upload Selection,dark,,,390,390
390,Quality/Interaction contracts,Select Tab Dismissal,light,,aria-valid-attr-value,390,390
390,Quality/Interaction contracts,Select Tab Dismissal,dark,,aria-valid-attr-value,390,390
390,Quality/Interaction contracts,Theme And Narrow Layouts,light,,,390,390
390,Quality/Interaction contracts,Theme And Narrow Layouts,dark,,,390,390
390,Components/Accordion,Default,light,landmark-unique,,390,750
390,Components/Accordion,Default,dark,landmark-unique,,390,750
390,Components/Accordion,Nested,light,landmark-unique,,390,750
390,Components/Accordion,Nested,dark,landmark-unique,,390,750
390,Components/Accordion,With Icons,light,landmark-unique,,390,750
390,Components/Accordion,With Icons,dark,landmark-unique,,390,750
390,Components/Accordion,With Numbers,light,,,390,750
390,Components/Accordion,With Numbers,dark,color-contrast,,390,750
390,Components/Accordion,With Logo,light,landmark-unique,,390,750
390,Components/Accordion,With Logo,dark,landmark-unique,,390,750
390,Components/Accordion,With Badge,light,,color-contrast,390,750
390,Components/Accordion,With Badge,dark,color-contrast,color-contrast,390,750
390,Components/Accordion,Multiple,light,,color-contrast,390,750
390,Components/Accordion,Multiple,dark,,color-contrast,390,750
390,Components/Accordion,Nested With Icons,light,landmark-unique,color-contrast,390,750
390,Components/Accordion,Nested With Icons,dark,landmark-unique,color-contrast,390,750
390,Elements/ActivityFeed,Single Item,light,color-contrast,,390,480
390,Elements/ActivityFeed,Single Item,dark,,,390,480
390,Elements/ActivityFeed,With File Content,light,color-contrast,color-contrast,390,480
390,Elements/ActivityFeed,With File Content,dark,,,390,480
390,Elements/ActivityFeed,With Comment Content,light,color-contrast,,390,480
390,Elements/ActivityFeed,With Comment Content,dark,,,390,480
390,Elements/ActivityFeed,With CTA Content,light,color-contrast,,390,480
390,Elements/ActivityFeed,With CTA Content,dark,color-contrast,,390,480
390,Elements/ActivityFeed,Unread State,light,color-contrast,,390,480
390,Elements/ActivityFeed,Unread State,dark,,,390,480
390,Elements/ActivityFeed,With Badge,light,color-contrast,color-contrast,390,480
390,Elements/ActivityFeed,With Badge,dark,color-contrast,,390,480
390,Elements/ActivityFeed,Timeline,light,color-contrast,color-contrast,390,480
390,Elements/ActivityFeed,Timeline,dark,color-contrast,,390,480
390,Elements/ActivityFeed,Content Styles,light,color-contrast,color-contrast,390,480
390,Elements/ActivityFeed,Content Styles,dark,,color-contrast,390,480
390,Components/Alert,Toast Information,light,,,390,390
390,Components/Alert,Toast Information,dark,,,390,390
390,Components/Alert,All Toasts,light,,,390,390
390,Components/Alert,All Toasts,dark,,,390,390
390,Components/Alert,All Banners,light,,,390,568
390,Components/Alert,All Banners,dark,color-contrast,,390,568
390,Components/Avatar,Default,light,,,390,390
390,Components/Avatar,Default,dark,,,390,390
390,Components/Avatar,Image Sizes,light,,,390,390
390,Components/Avatar,Image Sizes,dark,,,390,390
390,Components/Avatar,Icon Sizes,light,,,390,390
390,Components/Avatar,Icon Sizes,dark,,,390,390
390,Components/Avatar,Initials Sizes,light,,,390,390
390,Components/Avatar,Initials Sizes,dark,,,390,390
390,Components/Avatar,Status Indicators,light,,,390,390
390,Components/Avatar,Status Indicators,dark,,,390,390
390,Components/Avatar,Custom Icon,light,,,390,390
390,Components/Avatar,Custom Icon,dark,,,390,390
390,Components/Avatar,Group,light,,,390,390
390,Components/Avatar,Group,dark,,,390,390
390,Components/Breadcrumb,Default,light,color-contrast,,390,390
390,Components/Breadcrumb,Default,dark,,,390,390
390,Components/Breadcrumb,With Icons,light,color-contrast,,390,915
390,Components/Breadcrumb,With Icons,dark,,,390,915
390,Components/Breadcrumb,With Borders,light,color-contrast,,390,915
390,Components/Breadcrumb,With Borders,dark,,,390,915
390,Components/Breadcrumb,Double Chevron,light,color-contrast,,390,915
390,Components/Breadcrumb,Double Chevron,dark,,,390,915
390,Components/Breadcrumb,Slash,light,color-contrast,color-contrast,390,837
390,Components/Breadcrumb,Slash,dark,,color-contrast,390,837
390,Components/Breadcrumb,With Truncation,light,color-contrast,,390,390
390,Components/Breadcrumb,With Truncation,dark,,,390,390
390,Components/Breadcrumb,With Disabled,light,color-contrast,,390,390
390,Components/Breadcrumb,With Disabled,dark,color-contrast,,390,390
390,Components/Breadcrumb,All Separators,light,color-contrast; landmark-unique,color-contrast,390,915
390,Components/Breadcrumb,All Separators,dark,landmark-unique,color-contrast,390,915
390,Components/Banner,Default,light,,,390,390
390,Components/Banner,Default,dark,color-contrast,,390,390
390,Components/Banner,Bold,light,color-contrast,,390,390
390,Components/Banner,Bold,dark,color-contrast,,390,390
390,Components/Banner,Small,light,,,390,390
390,Components/Banner,Small,dark,color-contrast,,390,390
390,Components/Banner,All Subtle,light,,,390,390
390,Components/Banner,All Subtle,dark,color-contrast,,390,390
390,Components/Banner,All Bold,light,color-contrast,,390,390
390,Components/Banner,All Bold,dark,color-contrast,,390,390
390,Components/Banner,Small Variants,light,color-contrast,,390,390
390,Components/Banner,Small Variants,dark,color-contrast,,390,390
390,Components/Banner,No Dismiss,light,,,390,390
390,Components/Banner,No Dismiss,dark,color-contrast,,390,390
390,Components/Badge,Default,light,color-contrast,,390,390
390,Components/Badge,Default,dark,color-contrast,,390,390
390,Components/Badge,Filled Colors,light,color-contrast,,390,390
390,Components/Badge,Filled Colors,dark,color-contrast,,390,390
390,Components/Badge,Accent Colors,light,color-contrast,,390,390
390,Components/Badge,Accent Colors,dark,color-contrast,,390,390
390,Components/Badge,Outline Colors,light,color-contrast,,390,390
390,Components/Badge,Outline Colors,dark,,,390,390
390,Components/Badge,Sizes,light,color-contrast,,390,390
390,Components/Badge,Sizes,dark,color-contrast,,390,390
390,Components/Badge,With Icons,light,color-contrast,,390,390
390,Components/Badge,With Icons,dark,color-contrast,,390,390
390,Components/Button,Primary,light,,,390,390
390,Components/Button,Primary,dark,,,390,390
390,Components/Button,Secondary,light,,,390,390
390,Components/Button,Secondary,dark,,,390,390
390,Components/Button,Grey,light,,,390,390
390,Components/Button,Grey,dark,,,390,390
390,Components/Button,Grey Outlined,light,,,390,390
390,Components/Button,Grey Outlined,dark,,,390,390
390,Components/Button,Destructive,light,,,390,390
390,Components/Button,Destructive,dark,,,390,390
390,Components/Button,Destructive Outlined,light,,,390,390
390,Components/Button,Destructive Outlined,dark,,,390,390
390,Components/Button,Text,light,,,390,390
390,Components/Button,Text,dark,,,390,390
390,Components/Button,Large,light,,,390,390
390,Components/Button,Large,dark,,,390,390
390,Components/Button,With Leading Icon,light,,,390,390
390,Components/Button,With Leading Icon,dark,,,390,390
390,Components/Button,With Trailing Icon,light,,,390,390
390,Components/Button,With Trailing Icon,dark,,,390,390
390,Components/Button,Icon Only,light,,,390,390
390,Components/Button,Icon Only,dark,,,390,390
390,Components/Button,Disabled,light,,,390,390
390,Components/Button,Disabled,dark,,,390,390
390,Components/Button,All Variants,light,,,390,390
390,Components/Button,All Variants,dark,,,390,390
390,Components/Button,Readable Action Colors,light,,,390,390
390,Components/Button,Readable Action Colors,dark,,,390,390
390,Components/ButtonGroup,Default,light,,,390,390
390,Components/ButtonGroup,Default,dark,,,390,390
390,Components/ButtonGroup,With Icons,light,,,390,390
390,Components/ButtonGroup,With Icons,dark,,,390,390
390,Components/ButtonGroup,With Active Item,light,color-contrast,,390,390
390,Components/ButtonGroup,With Active Item,dark,color-contrast,,390,390
390,Components/ButtonGroup,With Disabled Items,light,,,390,390
390,Components/ButtonGroup,With Disabled Items,dark,,,390,390
390,Components/ButtonGroup,Four Items,light,color-contrast,,390,390
390,Components/ButtonGroup,Four Items,dark,color-contrast,,390,390
390,Components/Counter,Default,light,,,390,390
390,Components/Counter,Default,dark,,,390,390
390,Components/Counter,All Sizes,light,,,390,390
390,Components/Counter,All Sizes,dark,,,390,390
390,Components/Counter,All Shapes,light,,,390,390
390,Components/Counter,All Shapes,dark,,,390,390
390,Components/Counter,Interactive,light,,,390,390
390,Components/Counter,Interactive,dark,,,390,390
390,Components/Counter,With Min Max,light,,,390,390
390,Components/Counter,With Min Max,dark,,,390,390
390,Components/Counter,Number Counters,light,color-contrast,,390,390
390,Components/Counter,Number Counters,dark,color-contrast,,390,390
390,Components/Chip,Input Chip,light,,,390,390
390,Components/Chip,Input Chip,dark,,,390,390
390,Components/Chip,Filter Chip,light,,,390,390
390,Components/Chip,Filter Chip,dark,,,390,390
390,Components/Chip,Disabled,light,color-contrast,,390,390
390,Components/Chip,Disabled,dark,color-contrast,,390,390
390,Components/Card,Default,light,,,390,390
390,Components/Card,Default,dark,,,390,390
390,Components/Card,Variants,light,,,390,390
390,Components/Card,Variants,dark,,,390,390
390,Components/Card,Sizes,light,,,390,390
390,Components/Card,Sizes,dark,,,390,390
390,Components/Card,With Image,light,,,390,390
390,Components/Card,With Image,dark,,,390,390
390,Components/Card,Image Positions,light,,,390,390
390,Components/Card,Image Positions,dark,,,390,390
390,Components/Card,Header With Actions,light,button-name; color-contrast,,390,390
390,Components/Card,Header With Actions,dark,button-name; color-contrast,,390,390
390,Components/Card,Footer Alignments,light,,,390,390
390,Components/Card,Footer Alignments,dark,,,390,390
390,Components/Card,Hoverable,light,,,390,390
390,Components/Card,Hoverable,dark,,,390,390
390,Components/Card,Product Card,light,color-contrast,,390,390
390,Components/Card,Product Card,dark,color-contrast,,390,390
390,Components/Card,User Profile Card,light,button-name,,390,390
390,Components/Card,User Profile Card,dark,button-name,,390,390
390,Components/Card,Article Card,light,,,390,390
390,Components/Card,Article Card,dark,,,390,390
390,Components/Card,Nested Cards,light,,,390,390
390,Components/Card,Nested Cards,dark,,,390,390
390,Components/Chart,Line Chart,light,role-img-alt,,390,390
390,Components/Chart,Line Chart,dark,role-img-alt,,390,390
390,Components/Chart,Bar Chart,light,role-img-alt,,390,390
390,Components/Chart,Bar Chart,dark,role-img-alt,,390,390
390,Components/Chart,Pie Chart,light,role-img-alt,,390,390
390,Components/Chart,Pie Chart,dark,role-img-alt,,390,390
390,Components/Chart,Doughnut Chart,light,role-img-alt,,390,390
390,Components/Chart,Doughnut Chart,dark,role-img-alt,,390,390
390,Components/Chart,Radar Chart,light,role-img-alt,,390,390
390,Components/Chart,Radar Chart,dark,role-img-alt,,390,390
390,Components/Chart,Scatter Chart,light,role-img-alt,,390,390
390,Components/Chart,Scatter Chart,dark,role-img-alt,,390,390
390,Components/Chart,Polar Area Chart,light,role-img-alt,,390,390
390,Components/Chart,Polar Area Chart,dark,role-img-alt,,390,390
390,Components/Chart,Stacked Bar,light,role-img-alt,,390,390
390,Components/Chart,Stacked Bar,dark,role-img-alt,,390,390
390,Components/Chart,Horizontal Bar,light,role-img-alt,,390,390
390,Components/Chart,Horizontal Bar,dark,role-img-alt,,390,390
390,Components/DatePicker,Default,light,,,390,390
390,Components/DatePicker,Default,dark,,,390,390
390,Components/DatePicker,With Footer,light,,,390,390
390,Components/DatePicker,With Footer,dark,,,390,390
390,Components/DatePicker,Date Range,light,,,390,390
390,Components/DatePicker,Date Range,dark,,,390,390
390,Components/DatePicker,Year Picker,light,,,390,390
390,Components/DatePicker,Year Picker,dark,,,390,390
390,Components/DatePicker,Interactive,light,,,390,390
390,Components/DatePicker,Interactive,dark,,,390,390
390,Components/DatePicker,Interactive Range,light,,,390,390
390,Components/DatePicker,Interactive Range,dark,,,390,390
390,Components/DatePicker,With Min Max,light,,,390,390
390,Components/DatePicker,With Min Max,dark,,,390,390
390,Components/Divider,Default,light,,,390,640
390,Components/Divider,Default,dark,,,390,640
390,Components/Divider,With Icon,light,,,390,640
390,Components/Divider,With Icon,dark,,,390,640
390,Components/Divider,With Label,light,color-contrast,,390,640
390,Components/Divider,With Label,dark,,,390,640
390,Components/Divider,With Title,light,,,390,640
390,Components/Divider,With Title,dark,,,390,640
390,Components/Divider,With Button,light,,,390,640
390,Components/Divider,With Button,dark,,,390,640
390,Components/Divider,With Title And Button,light,,,390,640
390,Components/Divider,With Title And Button,dark,,,390,640
390,Components/Divider,All Variants,light,color-contrast,,390,640
390,Components/Divider,All Variants,dark,,,390,640
390,Components/DropdownMenu,Default,light,,,390,390
390,Components/DropdownMenu,Default,dark,color-contrast,,390,390
390,Components/DropdownMenu,With Section Headers,light,,,390,390
390,Components/DropdownMenu,With Section Headers,dark,color-contrast,,390,390
390,Components/DropdownMenu,With Selection,light,,,390,390
390,Components/DropdownMenu,With Selection,dark,color-contrast,,390,390
390,Components/DropdownMenu,Avatar Trigger,light,,,390,390
390,Components/DropdownMenu,Avatar Trigger,dark,,,390,390
390,Components/DropdownMenu,Icon Only Trigger,light,button-name,,390,390
390,Components/DropdownMenu,Icon Only Trigger,dark,button-name,,390,390
390,Components/DropdownMenu,Disabled,light,,,390,390
390,Components/DropdownMenu,Disabled,dark,,,390,390
390,Components/DropdownMenu,Align Start,light,,,390,390
390,Components/DropdownMenu,Align Start,dark,color-contrast,,390,390
390,Components/FormControl,Checkboxes,light,,,390,390
390,Components/FormControl,Checkboxes,dark,,,390,390
390,Components/FormControl,Radios,light,,,390,390
390,Components/FormControl,Radios,dark,,,390,390
390,Components/FormControl,Toggles,light,,,390,390
390,Components/FormControl,Toggles,dark,,,390,390
390,Elements/FileUpload/DropZone,Default,light,,,390,390
390,Elements/FileUpload/DropZone,Default,dark,,,390,390
390,Elements/FileUpload/DropZone,Uploading,light,aria-progressbar-name,aria-prohibited-attr,390,390
390,Elements/FileUpload/DropZone,Uploading,dark,aria-progressbar-name,aria-prohibited-attr,390,390
390,Elements/FileUpload/DropZone,Success,light,color-contrast,,390,390
390,Elements/FileUpload/DropZone,Success,dark,,,390,390
390,Elements/FileUpload/DropZone,Error,light,color-contrast,,390,390
390,Elements/FileUpload/DropZone,Error,dark,,,390,390
390,Elements/FileUpload/DropZone,File Item States,light,aria-progressbar-name; color-contrast,color-contrast,390,450
390,Elements/FileUpload/DropZone,File Item States,dark,aria-progressbar-name,color-contrast,390,450
390,Elements/FileUpload/DropZone,Single File Upload,light,,,390,400
390,Elements/FileUpload/DropZone,Single File Upload,dark,,,390,400
390,Elements/FileUpload/DropZone,Multiple File Upload,light,,color-contrast,390,500
390,Elements/FileUpload/DropZone,Multiple File Upload,dark,,color-contrast,390,500
390,Components/EmptyStateIllustration,All Colored,light,,,390,390
390,Components/EmptyStateIllustration,All Colored,dark,,,390,390
390,Components/EmptyStateIllustration,All Grey,light,,,390,390
390,Components/EmptyStateIllustration,All Grey,dark,,,390,390
390,Components/EmptyStateIllustration,Colored Vs Grey,light,,,390,390
390,Components/EmptyStateIllustration,Colored Vs Grey,dark,,,390,390
390,Components/EmptyStateIllustration,Custom Palette,light,,,390,390
390,Components/EmptyStateIllustration,Custom Palette,dark,,,390,390
390,Components/EmptyStateIllustration,Sizes,light,,,390,646
390,Components/EmptyStateIllustration,Sizes,dark,,,390,646
390,Components/Input,Default,light,,,390,390
390,Components/Input,Default,dark,,,390,390
390,Components/Input,Extra Small,light,,,390,390
390,Components/Input,Extra Small,dark,,,390,390
390,Components/Input,Medium,light,,,390,390
390,Components/Input,Medium,dark,,,390,390
390,Components/Input,Large,light,,,390,390
390,Components/Input,Large,dark,,,390,390
390,Components/Input,With Success,light,,,390,390
390,Components/Input,With Success,dark,,,390,390
390,Components/Input,With Error,light,,,390,390
390,Components/Input,With Error,dark,,,390,390
390,Components/Input,Read Only,light,,,390,390
390,Components/Input,Read Only,dark,,,390,390
390,Components/Input,All Sizes,light,,,390,390
390,Components/Input,All Sizes,dark,,,390,390
390,Components/Input,All States,light,,,390,390
390,Components/Input,All States,dark,,,390,390
390,Components/Input,With Leading Addon,light,,,390,390
390,Components/Input,With Leading Addon,dark,,,390,390
390,Components/Input,With Trailing Addon,light,color-contrast,,390,390
390,Components/Input,With Trailing Addon,dark,,,390,390
390,Components/Input,With Both Addons,light,,,390,390
390,Components/Input,With Both Addons,dark,,,390,390
390,Elements/MetricsCard,Variation 1 Data Cta,light,,,390,390
390,Elements/MetricsCard,Variation 1 Data Cta,dark,,,390,390
390,Elements/MetricsCard,Variation 1 Data Only,light,,,390,390
390,Elements/MetricsCard,Variation 1 Data Only,dark,,,390,390
390,Elements/MetricsCard,Variation 2 Data Cta,light,color-contrast,,390,390
390,Elements/MetricsCard,Variation 2 Data Cta,dark,,,390,390
390,Elements/MetricsCard,Variation 2 Data Only,light,color-contrast,,390,390
390,Elements/MetricsCard,Variation 2 Data Only,dark,,,390,390
390,Elements/MetricsCard,Variation 3 Data Cta,light,color-contrast,,390,390
390,Elements/MetricsCard,Variation 3 Data Cta,dark,,,390,390
390,Elements/MetricsCard,Variation 3 Data Only,light,color-contrast,,390,390
390,Elements/MetricsCard,Variation 3 Data Only,dark,,,390,390
390,Elements/MetricsCard,Variation 4 Data Cta,light,color-contrast,,390,390
390,Elements/MetricsCard,Variation 4 Data Cta,dark,,,390,390
390,Elements/MetricsCard,Variation 4 Data Only,light,color-contrast,,390,390
390,Elements/MetricsCard,Variation 4 Data Only,dark,,,390,390
390,Elements/MetricsCard,Variation 5 Data Cta,light,,,390,390
390,Elements/MetricsCard,Variation 5 Data Cta,dark,,,390,390
390,Elements/MetricsCard,Variation 5 Data Only,light,,,390,390
390,Elements/MetricsCard,Variation 5 Data Only,dark,,,390,390
390,Elements/MetricsCard,Variation 6 Data Cta,light,color-contrast,,390,390
390,Elements/MetricsCard,Variation 6 Data Cta,dark,,,390,390
390,Elements/MetricsCard,Variation 6 Data Only,light,,,390,390
390,Elements/MetricsCard,Variation 6 Data Only,dark,,,390,390
390,Elements/MetricsCard,All Variations,light,color-contrast,color-contrast,390,390
390,Elements/MetricsCard,All Variations,dark,,color-contrast,390,390
390,Components/Icon,Default,light,,,390,390
390,Components/Icon,Default,dark,,,390,390
390,Components/Icon,Sizes,light,,,390,390
390,Components/Icon,Sizes,dark,,,390,390
390,Components/Icon,Variants,light,,,390,390
390,Components/Icon,Variants,dark,,,390,390
390,Components/Icon,Colors,light,,,390,390
390,Components/Icon,Colors,dark,,,390,390
390,Components/Icon,Gallery,light,,,390,390
390,Components/Icon,Gallery,dark,,,390,390
390,Elements/Modal,Default,light,color-contrast,,390,390
390,Elements/Modal,Default,dark,color-contrast,,390,390
390,Elements/Modal,Vertical Footer,light,color-contrast,,390,390
390,Elements/Modal,Vertical Footer,dark,color-contrast,,390,390
390,Elements/Modal,Large Modal,light,color-contrast,,390,390
390,Elements/Modal,Large Modal,dark,color-contrast,,390,390
390,Elements/Modal,Primary Only,light,color-contrast,,390,390
390,Elements/Modal,Primary Only,dark,color-contrast,,390,390
390,Elements/Modal,No Blur,light,color-contrast,,390,390
390,Elements/Modal,No Blur,dark,color-contrast,,390,390
390,Elements/Modal,Custom Icon,light,color-contrast,,390,390
390,Elements/Modal,Custom Icon,dark,color-contrast,,390,390
390,Elements/Modal,Focus Management,light,color-contrast,,390,390
390,Elements/Modal,Focus Management,dark,color-contrast,,390,390
390,Elements/Modal,Dismissal Policy,light,,,390,390
390,Elements/Modal,Dismissal Policy,dark,,,390,390
390,Components/Pagination,Default,light,,,390,390
390,Components/Pagination,Default,dark,,,390,390
390,Components/Pagination,No Prev Next,light,,,390,390
390,Components/Pagination,No Prev Next,dark,,,390,390
390,Components/Pagination,Few Pages,light,,,390,390
390,Components/Pagination,Few Pages,dark,,,390,390
390,Components/ProgressBar,Default,light,aria-progressbar-name,,390,390
390,Components/ProgressBar,Default,dark,aria-progressbar-name,,390,390
390,Components/ProgressBar,Small,light,aria-progressbar-name,,390,390
390,Components/ProgressBar,Small,dark,aria-progressbar-name,,390,390
390,Components/ProgressBar,Medium,light,aria-progressbar-name,,390,390
390,Components/ProgressBar,Medium,dark,aria-progressbar-name,,390,390
390,Components/ProgressBar,With Metadata,light,aria-progressbar-name,,390,390
390,Components/ProgressBar,With Metadata,dark,aria-progressbar-name,,390,390
390,Components/ProgressBar,Percentage On Top,light,aria-progressbar-name,,390,390
390,Components/ProgressBar,Percentage On Top,dark,aria-progressbar-name,,390,390
390,Components/ProgressBar,Segmented,light,aria-progressbar-name,,390,390
390,Components/ProgressBar,Segmented,dark,aria-progressbar-name,,390,390
390,Components/ProgressBar,All Sizes,light,aria-progressbar-name,,390,390
390,Components/ProgressBar,All Sizes,dark,aria-progressbar-name,,390,390
390,Components/ProgressBar,All Types,light,aria-progressbar-name,,390,390
390,Components/ProgressBar,All Types,dark,aria-progressbar-name,,390,390
390,Components/ProgressBar,All Stages,light,aria-progressbar-name,,390,390
390,Components/ProgressBar,All Stages,dark,aria-progressbar-name,,390,390
390,Components/ProgressBar,Segmented Stages,light,aria-progressbar-name,,390,390
390,Components/ProgressBar,Segmented Stages,dark,aria-progressbar-name,,390,390
390,Components/ProgressCircle,Default,light,aria-progressbar-name,color-contrast,390,390
390,Components/ProgressCircle,Default,dark,aria-progressbar-name,color-contrast,390,390
390,Components/ProgressCircle,Segmented,light,aria-progressbar-name,color-contrast,390,390
390,Components/ProgressCircle,Segmented,dark,aria-progressbar-name,color-contrast,390,390
390,Components/ProgressCircle,All Sizes,light,aria-progressbar-name,color-contrast,390,482
390,Components/ProgressCircle,All Sizes,dark,aria-progressbar-name,color-contrast,390,482
390,Components/ProgressCircle,Segmented All Sizes,light,aria-progressbar-name,color-contrast,390,482
390,Components/ProgressCircle,Segmented All Sizes,dark,aria-progressbar-name,color-contrast,390,482
390,Components/ProgressCircle,Progress Steps,light,aria-progressbar-name,color-contrast,390,546
390,Components/ProgressCircle,Progress Steps,dark,aria-progressbar-name,color-contrast,390,546
390,Components/ProgressCircle,Segmented Steps,light,aria-progressbar-name,color-contrast,390,546
390,Components/ProgressCircle,Segmented Steps,dark,aria-progressbar-name,color-contrast,390,546
390,Components/ProgressCircle,No Text,light,aria-progressbar-name,,390,390
390,Components/ProgressCircle,No Text,dark,aria-progressbar-name,,390,390
390,Components/Select,Default,light,,aria-valid-attr-value,390,390
390,Components/Select,Default,dark,,aria-valid-attr-value,390,390
390,Components/Select,With Descriptions,light,,aria-valid-attr-value,390,390
390,Components/Select,With Descriptions,dark,,aria-valid-attr-value,390,390
390,Components/Select,With Icons,light,,aria-valid-attr-value,390,390
390,Components/Select,With Icons,dark,,aria-valid-attr-value,390,390
390,Components/Select,With Avatars,light,,aria-valid-attr-value,390,390
390,Components/Select,With Avatars,dark,,aria-valid-attr-value,390,390
390,Components/Select,With Status,light,,aria-valid-attr-value,390,390
390,Components/Select,With Status,dark,,aria-valid-attr-value,390,390
390,Components/Select,With Helper Text,light,,aria-valid-attr-value,390,390
390,Components/Select,With Helper Text,dark,,aria-valid-attr-value,390,390
390,Components/Select,Filled,light,,aria-valid-attr-value,390,390
390,Components/Select,Filled,dark,,aria-valid-attr-value,390,390
390,Components/Select,Disabled,light,,aria-valid-attr-value,390,390
390,Components/Select,Disabled,dark,,aria-valid-attr-value,390,390
390,Components/Select,With Disabled Options,light,,aria-valid-attr-value,390,390
390,Components/Select,With Disabled Options,dark,,aria-valid-attr-value,390,390
390,Components/Select,Controlled,light,,aria-valid-attr-value,390,390
390,Components/Select,Controlled,dark,,aria-valid-attr-value,390,390
390,Components/Slider,Default,light,,,390,390
390,Components/Slider,Default,dark,,,390,390
390,Components/Slider,Small,light,,,390,390
390,Components/Slider,Small,dark,,,390,390
390,Components/Slider,Medium,light,,,390,390
390,Components/Slider,Medium,dark,,,390,390
390,Components/Slider,All Sizes,light,,,390,390
390,Components/Slider,All Sizes,dark,,,390,390
390,Components/Slider,All Stages,light,,,390,390
390,Components/Slider,All Stages,dark,,,390,390
390,Components/Slider,Interactive,light,,,390,390
390,Components/Slider,Interactive,dark,,,390,390
390,Components/Slider,Range,light,,,390,390
390,Components/Slider,Range,dark,,,390,390
390,Components/Slider,Interactive Range,light,,,390,390
390,Components/Slider,Interactive Range,dark,,,390,390
390,Elements/SidebarMenu,Default,light,button-name; color-contrast,,390,390
390,Elements/SidebarMenu,Default,dark,button-name,,390,390
390,Elements/SidebarMenu,With Sub Items,light,color-contrast,,390,390
390,Elements/SidebarMenu,With Sub Items,dark,,,390,390
390,Elements/SidebarMenu,Collapsed,light,,,390,390
390,Elements/SidebarMenu,Collapsed,dark,,,390,390
390,Elements/SidebarMenu,All Themes,light,button-name; color-contrast; landmark-unique,,390,1184
390,Elements/SidebarMenu,All Themes,dark,button-name; color-contrast; landmark-unique,,390,1184
390,Elements/SidebarMenu,Collapsible Toggle,light,button-name; color-contrast,,390,390
390,Elements/SidebarMenu,Collapsible Toggle,dark,button-name; color-contrast,,390,390
390,Components/Spinner,Default,light,,,390,390
390,Components/Spinner,Default,dark,,,390,390
390,Components/Spinner,All Types,light,,,390,390
390,Components/Spinner,All Types,dark,,,390,390
390,Components/Spinner,All Sizes,light,,,390,428
390,Components/Spinner,All Sizes,dark,,,390,428
390,Components/Spinner,Label Positions,light,,,390,390
390,Components/Spinner,Label Positions,dark,,,390,390
390,Components/Spinner,White Style,light,,,390,390
390,Components/Spinner,White Style,dark,color-contrast,,390,390
390,Components/Spinner,No Label,light,,,390,390
390,Components/Spinner,No Label,dark,,,390,390
390,Components/Spinner,All Types Large,light,,,390,390
390,Components/Spinner,All Types Large,dark,,,390,390
390,Components/Tabs,Line Tabs,light,,color-contrast,390,471
390,Components/Tabs,Line Tabs,dark,,,390,471
390,Components/Tabs,Pill Tabs,light,,color-contrast,390,487
390,Components/Tabs,Pill Tabs,dark,,,390,487
390,Components/Tabs,Segmented Tabs,light,,color-contrast,390,485
390,Components/Tabs,Segmented Tabs,dark,,,390,485
390,Components/Tabs,All Sizes,light,color-contrast,color-contrast,390,390
390,Components/Tabs,All Sizes,dark,,,390,390
390,Components/Tabs,Vertical Line,light,,color-contrast,390,390
390,Components/Tabs,Vertical Line,dark,,,390,390
390,Components/Tabs,Vertical Segmented,light,,color-contrast,390,390
390,Components/Tabs,Vertical Segmented,dark,,,390,390
390,Components/Tabs,With Disabled,light,,color-contrast,390,390
390,Components/Tabs,With Disabled,dark,,,390,390
390,Components/Tabs,Text Only,light,,,390,390
390,Components/Tabs,Text Only,dark,,,390,390
390,Components/Tabs,All Variants,light,color-contrast,color-contrast,390,390
390,Components/Tabs,All Variants,dark,,,390,390
390,Components/Table,Default,light,,,390,390
390,Components/Table,Default,dark,,,390,390
390,Components/Table,With Selection,light,,,390,390
390,Components/Table,With Selection,dark,,,390,390
390,Components/Table,With Sorting,light,,,390,390
390,Components/Table,With Sorting,dark,,,390,390
390,Components/Table,With Leading Avatar,light,color-contrast,,390,390
390,Components/Table,With Leading Avatar,dark,,,390,390
390,Components/Table,Full Featured,light,empty-table-header,,390,390
390,Components/Table,Full Featured,dark,empty-table-header,,390,390
390,Components/Stepper,Horizontal,light,,,390,924
390,Components/Stepper,Horizontal,dark,,,390,924
390,Components/Stepper,Horizontal With Numbers,light,,color-contrast,390,924
390,Components/Stepper,Horizontal With Numbers,dark,,color-contrast,390,924
390,Components/Stepper,Vertical,light,,,390,390
390,Components/Stepper,Vertical,dark,,,390,390
390,Components/Stepper,Vertical With Numbers,light,,color-contrast,390,390
390,Components/Stepper,Vertical With Numbers,dark,,color-contrast,390,390
390,Components/Stepper,All Steps,light,,,390,924
390,Components/Stepper,All Steps,dark,,,390,924
390,Components/Stepper,Linear,light,color-contrast,,390,390
390,Components/Stepper,Linear,dark,,,390,390
390,Components/Stepper,Segmented,light,color-contrast,,390,390
390,Components/Stepper,Segmented,dark,,,390,390
390,Components/Stepper,With Disabled,light,color-contrast,color-contrast,390,390
390,Components/Stepper,With Disabled,dark,color-contrast,color-contrast,390,390
390,Components/Tooltip,Light,light,,,390,390
390,Components/Tooltip,Light,dark,,,390,390
390,Components/Tooltip,Dark,light,,,390,390
390,Components/Tooltip,Dark,dark,,,390,390
390,Components/Tooltip,Positions,light,,,390,390
390,Components/Tooltip,Positions,dark,,,390,390
390,Components/Tooltip,No Title,light,,,390,390
390,Components/Tooltip,No Title,dark,,,390,390
